[{"model": "nascar.bet", "pk": 1, "fields": {"date_created": "2024-02-23T15:59:58.040Z", "user": 1, "date_updated": "2024-02-23T18:31:57.717Z", "player": 1, "race": 1, "driver": 15, "finish": 32, "first_pick": true}}, {"model": "nascar.bet", "pk": 2, "fields": {"date_created": "2024-02-23T16:00:21.816Z", "user": 1, "date_updated": "2024-02-23T18:31:48.040Z", "player": 2, "race": 1, "driver": 40, "finish": 14, "first_pick": false}}, {"model": "nascar.bet", "pk": 3, "fields": {"date_created": "2024-02-23T17:53:16.085Z", "user": 1, "date_updated": "2024-02-26T00:25:30.174Z", "player": 2, "race": 2, "driver": 15, "finish": 28, "first_pick": true}}, {"model": "nascar.bet", "pk": 4, "fields": {"date_created": "2024-02-23T17:53:24.796Z", "user": 1, "date_updated": "2024-02-26T00:25:43.260Z", "player": 1, "race": 2, "driver": 29, "finish": 32, "first_pick": true}}, {"model": "nascar.bet", "pk": 5, "fields": {"date_created": "2024-02-24T00:35:15.821Z", "user": 1, "date_updated": "2024-02-24T00:35:15.821Z", "player": 1, "race": 3, "driver": 44, "finish": 0, "first_pick": true}}, {"model": "nascar.bet", "pk": 6, "fields": {"date_created": "2024-02-24T00:36:10.772Z", "user": 1, "date_updated": "2024-02-25T14:00:55.531Z", "player": 2, "race": 3, "driver": 44, "finish": 0, "first_pick": false}}, {"model": "nascar.player", "pk": 1, "fields": {"date_created": "2024-02-23T15:49:51.980Z", "user": 1, "date_updated": "2024-02-23T15:49:51.980Z", "player_name": "Greg"}}, {"model": "nascar.player", "pk": 2, "fields": {"date_created": "2024-02-23T15:50:20.442Z", "user": 1, "date_updated": "2024-02-23T15:50:20.442Z", "player_name": "Bob"}}, {"model": "nascar.race", "pk": 1, "fields": {"date_created": "2024-02-23T15:59:34.321Z", "user": 1, "date_updated": "2024-02-25T00:50:04.618Z", "race_name": "Daytona 500", "race_date": "2024-02-18", "race_time": "19:41:14", "track": 10, "tv_radio": "FOX/PRN"}}, {"model": "nascar.race", "pk": 2, "fields": {"date_created": "2024-02-23T17:52:43.446Z", "user": 1, "date_updated": "2024-02-25T00:47:17.158Z", "race_name": "Ambetter Health 400", "race_date": "2024-02-25", "race_time": "15:00:00", "track": 1, "tv_radio": "Fox/PRN"}}, {"model": "nascar.race", "pk": 3, "fields": {"date_created": "2024-02-24T00:33:50.147Z", "user": 1, "date_updated": "2024-02-25T00:50:48.294Z", "race_name": "Pennzoil 400", "race_date": "2024-03-03", "race_time": "15:30:00", "track": 16, "tv_radio": "Fox/PRN"}}, {"model": "nascar.race", "pk": 4, "fields": {"date_created": "2024-02-25T00:52:04.912Z", "user": 1, "date_updated": "2024-02-25T00:52:04.913Z", "race_name": "Shriners Children's 500", "race_date": "2024-03-10", "race_time": "15:30:00", "track": 7, "tv_radio": "Fox/PRN"}}, {"model": "nascar.race", "pk": 5, "fields": {"date_created": "2024-02-25T14:09:12.360Z", "user": 1, "date_updated": "2024-02-25T14:09:12.360Z", "race_name": "NASCAR Cup Series at Atlanta", "race_date": "2023-03-19", "race_time": "12:00:00", "track": 1, "tv_radio": "Fox/PRN"}}, {"model": "nascar.race", "pk": 6, "fields": {"date_created": "2024-02-26T20:37:40.617Z", "user": 1, "date_updated": "2024-02-26T20:37:40.617Z", "race_name": "NASCAR Cup Series at Bristol", "race_date": "2024-03-17", "race_time": "15:30:00", "track": 3, "tv_radio": "Fox/PRN"}}, {"model": "nascar.race", "pk": 7, "fields": {"date_created": "2024-02-26T20:38:41.781Z", "user": 1, "date_updated": "2024-02-26T20:38:41.781Z", "race_name": "NASCAR Cup Series at Circuit of the Americas", "race_date": "2024-03-24", "race_time": "15:30:00", "track": 4, "tv_radio": "Fox/PRN"}}, {"model": "nascar.race", "pk": 8, "fields": {"date_created": "2024-02-26T20:39:59.781Z", "user": 1, "date_updated": "2024-02-26T20:39:59.781Z", "race_name": "NASCAR Cup Series at Richmond", "race_date": "2024-03-31", "race_time": "19:00:00", "track": 22, "tv_radio": "Fox/PRN"}}, {"model": "nascar.race", "pk": 9, "fields": {"date_created": "2024-02-26T20:41:05.100Z", "user": 1, "date_updated": "2024-02-26T20:41:05.100Z", "race_name": "NASCAR Cup Series at Martinsville", "race_date": "2024-04-07", "race_time": "15:00:00", "track": 18, "tv_radio": "FS1"}}, {"model": "nascar.race", "pk": 10, "fields": {"date_created": "2024-02-26T20:42:38.341Z", "user": 1, "date_updated": "2024-02-26T20:42:38.341Z", "race_name": "NASCAR Cup Series at Texas", "race_date": "2024-04-14", "race_time": "15:30:00", "track": 26, "tv_radio": "FS1"}}, {"model": "nascar.race", "pk": 11, "fields": {"date_created": "2024-02-27T19:13:00.664Z", "user": 1, "date_updated": "2024-02-27T19:13:00.664Z", "race_name": "PENNZOIL 400 PRESENTED BY JIFFY LUBE", "race_date": "2023-03-05", "race_time": "14:10:51", "track": 16, "tv_radio": "Fox/PRN"}}, {"model": "nascar.race", "pk": 12, "fields": {"date_created": "2024-02-27T19:22:36.668Z", "user": 1, "date_updated": "2024-02-27T19:22:36.668Z", "race_name": "EchoPark Automotive Grand Prix", "race_date": "2023-03-26", "race_time": "14:10:51", "track": 4, "tv_radio": "Fox/PRN"}}, {"model": "nascar.race", "pk": 13, "fields": {"date_created": "2024-02-27T19:30:42.200Z", "user": 1, "date_updated": "2024-02-27T19:30:42.200Z", "race_name": "Pennzoil 400", "race_date": "2022-03-06", "race_time": "14:27:33", "track": 16, "tv_radio": "Fox/PRN"}}, {"model": "nascar.track", "pk": 1, "fields": {"date_created": "2024-02-22T23:27:48.826Z", "user": 1, "date_updated": "2024-02-22T23:27:48.826Z", "name": "Atlanta Motor Speedway", "owner": "Speedway Motorsports", "track_length": 1.54, "configuration": "Quad-oval", "city": "Hampton", "state": " Georgia"}}, {"model": "nascar.track", "pk": 2, "fields": {"date_created": "2024-02-22T23:27:48.930Z", "user": 1, "date_updated": "2024-02-22T23:27:48.930Z", "name": "Auto Club Speedway", "owner": "NASCAR", "track_length": 2.0, "configuration": "paved D-shaped oval", "city": "Fontana", "state": "California"}}, {"model": "nascar.track", "pk": 3, "fields": {"date_created": "2024-02-22T23:27:48.946Z", "user": 1, "date_updated": "2024-02-22T23:27:48.946Z", "name": "Bristol Motor Speedway", "owner": "Speedway Motorsports", "track_length": 0.533, "configuration": "Concrete oval / Dirt oval", "city": "Bristol", "state": " Tennessee"}}, {"model": "nascar.track", "pk": 4, "fields": {"date_created": "2024-02-22T23:27:48.953Z", "user": 1, "date_updated": "2024-02-22T23:27:48.953Z", "name": "Circuit Of The Americas", "owner": "LLC", "track_length": 3.426, "configuration": "Road course", "city": "Austin", "state": " Texas"}}, {"model": "nascar.track", "pk": 5, "fields": {"date_created": "2024-02-22T23:27:48.966Z", "user": 1, "date_updated": "2024-02-22T23:27:48.966Z", "name": "Charlotte Motor Speedway", "owner": "Speedway Motorsports", "track_length": 1.5, "configuration": "Quad-oval", "city": "Concord", "state": " North Carolina"}}, {"model": "nascar.track", "pk": 6, "fields": {"date_created": "2024-02-22T23:27:48.994Z", "user": 1, "date_updated": "2024-02-22T23:27:48.994Z", "name": "Charlotte Motor Speedway Roval", "owner": "Speedway Motorsports", "track_length": 2.28, "configuration": "Road course", "city": "Concord", "state": " North Carolina"}}, {"model": "nascar.track", "pk": 7, "fields": {"date_created": "2024-02-22T23:27:49.006Z", "user": 1, "date_updated": "2024-02-22T23:27:49.006Z", "name": "Phoenix Raceway", "owner": "NASCAR", "track_length": 1.022, "configuration": "Dogleg oval", "city": "Avondale", "state": " Arizona"}}, {"model": "nascar.track", "pk": 8, "fields": {"date_created": "2024-02-22T23:27:49.016Z", "user": 1, "date_updated": "2024-02-22T23:27:49.016Z", "name": "Michigan International Speedway", "owner": "NASCAR", "track_length": 2.0, "configuration": "D-shaped oval", "city": "Brooklyn", "state": " Michigan"}}, {"model": "nascar.track", "pk": 9, "fields": {"date_created": "2024-02-22T23:27:49.021Z", "user": 1, "date_updated": "2024-02-22T23:27:49.021Z", "name": "Darlington Raceway", "owner": "NASCAR", "track_length": 1.366, "configuration": "Egg-shaped oval", "city": "Darlington", "state": " South Carolina"}}, {"model": "nascar.track", "pk": 10, "fields": {"date_created": "2024-02-22T23:27:49.038Z", "user": 1, "date_updated": "2024-02-22T23:27:49.038Z", "name": "Daytona International Speedway", "owner": "NASCAR", "track_length": 2.5, "configuration": "Tri-oval", "city": "Daytona Beach", "state": " Florida"}}, {"model": "nascar.track", "pk": 11, "fields": {"date_created": "2024-02-22T23:27:49.043Z", "user": 1, "date_updated": "2024-02-22T23:27:49.043Z", "name": "Daytona International Speedway Road Course", "owner": "NASCAR", "track_length": 3.57, "configuration": "Road Course", "city": "Daytona Beach", "state": " Florida"}}, {"model": "nascar.track", "pk": 12, "fields": {"date_created": "2024-02-22T23:27:49.058Z", "user": 1, "date_updated": "2024-02-22T23:27:49.058Z", "name": "Dover Motor Speedway", "owner": "Speedway Motorsports", "track_length": 1.0, "configuration": "Concrete oval", "city": "Dover", "state": "New Hampshire"}}, {"model": "nascar.track", "pk": 13, "fields": {"date_created": "2024-02-22T23:27:49.063Z", "user": 1, "date_updated": "2024-02-22T23:27:49.063Z", "name": "Homestead–Miami Speedway", "owner": "NASCAR", "track_length": 1.485, "configuration": "Classic oval", "city": "Homestead", "state": "Florida"}}, {"model": "nascar.track", "pk": 14, "fields": {"date_created": "2024-02-22T23:27:49.075Z", "user": 1, "date_updated": "2024-02-22T23:27:49.075Z", "name": "Indianapolis Motor Speedway Road Course", "owner": "Penske Entertainment Corp.", "track_length": 2.439, "configuration": "Road course", "city": "Speedway", "state": " Indiana"}}, {"model": "nascar.track", "pk": 15, "fields": {"date_created": "2024-02-22T23:27:49.082Z", "user": 1, "date_updated": "2024-02-22T23:27:49.082Z", "name": "Kansas Speedway", "owner": "NASCAR", "track_length": 1.52, "configuration": "Tri-oval", "city": "Kansas City", "state": " Kansas"}}, {"model": "nascar.track", "pk": 16, "fields": {"date_created": "2024-02-22T23:27:49.087Z", "user": 1, "date_updated": "2024-02-22T23:27:49.087Z", "name": "Las Vegas Motor Speedway", "owner": "Speedway Motorsports", "track_length": 1.544, "configuration": "Tri-oval", "city": "Clark County", "state": " Nevada"}}, {"model": "nascar.track", "pk": 17, "fields": {"date_created": "2024-02-22T23:27:49.103Z", "user": 1, "date_updated": "2024-02-22T23:27:49.103Z", "name": "Los Angeles Memorial Coliseum", "owner": "Los Angeles Memorial Coliseum Commission", "track_length": 0.25, "configuration": "Stadium oval", "city": "Los Angeles", "state": " California"}}, {"model": "nascar.track", "pk": 18, "fields": {"date_created": "2024-02-22T23:27:49.107Z", "user": 1, "date_updated": "2024-02-22T23:27:49.107Z", "name": "Martinsville Speedway", "owner": "NASCAR", "track_length": 0.526, "configuration": "Paperclip-shaped oval", "city": "Ridgeway", "state": "Virginia"}}, {"model": "nascar.track", "pk": 19, "fields": {"date_created": "2024-02-22T23:27:49.118Z", "user": 1, "date_updated": "2024-02-22T23:27:49.118Z", "name": "Nashville Superspeedway", "owner": "Speedway Motorsports", "track_length": 1.333, "configuration": "Concrete Tri-oval", "city": "Lebanon", "state": " Tennessee"}}, {"model": "nascar.track", "pk": 20, "fields": {"date_created": "2024-02-22T23:27:49.127Z", "user": 1, "date_updated": "2024-02-22T23:27:49.127Z", "name": "New Hampshire Motor Speedway", "owner": "Speedway Motorsports", "track_length": 1.058, "configuration": "Paperclip oval", "city": "Loudon", "state": " New Hampshire"}}, {"model": "nascar.track", "pk": 21, "fields": {"date_created": "2024-02-22T23:27:49.132Z", "user": 1, "date_updated": "2024-02-22T23:27:49.132Z", "name": "Pocono Raceway", "owner": "Mattco Inc.", "track_length": 2.5, "configuration": "Triangular-shaped oval", "city": "Long Pond", "state": " Pennsylvania"}}, {"model": "nascar.track", "pk": 22, "fields": {"date_created": "2024-02-22T23:27:49.147Z", "user": 1, "date_updated": "2024-02-22T23:27:49.147Z", "name": "Richmond Raceway", "owner": "NASCA", "track_length": 0.75, "configuration": "D-shaped oval", "city": "Henrico County", "state": " Virginia"}}, {"model": "nascar.track", "pk": 23, "fields": {"date_created": "2024-02-22T23:27:49.152Z", "user": 1, "date_updated": "2024-02-22T23:27:49.152Z", "name": "Road America", "owner": "Road America Inc.", "track_length": 4.048, "configuration": "Road course", "city": "Elkhart Lake", "state": " Wisconsin"}}, {"model": "nascar.track", "pk": 24, "fields": {"date_created": "2024-02-22T23:27:49.162Z", "user": 1, "date_updated": "2024-02-22T23:27:49.162Z", "name": "Sonoma Raceway", "owner": "Speedway Motorsports", "track_length": 2.52, "configuration": "Road course", "city": "Sonoma", "state": " California"}}, {"model": "nascar.track", "pk": 25, "fields": {"date_created": "2024-02-22T23:27:49.172Z", "user": 1, "date_updated": "2024-02-22T23:27:49.172Z", "name": "Talladega Superspeedway", "owner": "NASCAR", "track_length": 2.66, "configuration": "Tri-oval", "city": "Talladega", "state": " Alabama"}}, {"model": "nascar.track", "pk": 26, "fields": {"date_created": "2024-02-22T23:27:49.176Z", "user": 1, "date_updated": "2024-02-22T23:27:49.176Z", "name": "Texas Motor Speedway", "owner": "Speedway Motorsports", "track_length": 1.44, "configuration": "Quad-oval", "city": "Fort Worth", "state": " Texas"}}, {"model": "nascar.track", "pk": 27, "fields": {"date_created": "2024-02-22T23:27:49.192Z", "user": 1, "date_updated": "2024-02-22T23:27:49.192Z", "name": "Watkins Glen International", "owner": "NASCAR", "track_length": 2.45, "configuration": "Road course", "city": "Watkins Glen", "state": " New York"}}, {"model": "nascar.track", "pk": 28, "fields": {"date_created": "2024-02-22T23:27:49.197Z", "user": 1, "date_updated": "2024-02-22T23:27:49.197Z", "name": "World Wide Technology Raceway", "owner": "Curtis Francois", "track_length": 1.25, "configuration": "Egg-shaped oval", "city": "Madison", "state": " Illinois"}}, {"model": "nascar.manufacturer", "pk": 1, "fields": {"date_created": "2024-02-27T23:36:26.760Z", "user": 1, "date_updated": "2024-02-27T23:36:26.760Z", "manufacturer_name": "Chevrolet"}}, {"model": "nascar.manufacturer", "pk": 2, "fields": {"date_created": "2024-02-28T00:07:26.680Z", "user": 1, "date_updated": "2024-02-28T00:07:26.680Z", "manufacturer_name": "Ford"}}, {"model": "nascar.manufacturer", "pk": 3, "fields": {"date_created": "2024-02-28T00:08:58.277Z", "user": 1, "date_updated": "2024-02-28T00:08:58.277Z", "manufacturer_name": "Toyota"}}, {"model": "nascar.team", "pk": 1, "fields": {"date_created": "2024-02-27T20:23:51.704Z", "user": 1, "date_updated": "2024-02-27T23:40:51.375Z", "team_name": "Hendrick Motorsports", "manufacturer": 1}}, {"model": "nascar.team", "pk": 2, "fields": {"date_created": "2024-02-27T20:34:14.888Z", "user": 1, "date_updated": "2024-02-27T20:34:14.888Z", "team_name": "JTG Daugherty Racing", "manufacturer": 1}}, {"model": "nascar.team", "pk": 3, "fields": {"date_created": "2024-02-27T20:34:37.943Z", "user": 1, "date_updated": "2024-02-27T20:34:37.943Z", "team_name": "Kaulig Racing", "manufacturer": 1}}, {"model": "nascar.team", "pk": 4, "fields": {"date_created": "2024-02-27T20:37:42.433Z", "user": 1, "date_updated": "2024-02-27T20:37:42.433Z", "team_name": "Richard Childress Racing", "manufacturer": 1}}, {"model": "nascar.team", "pk": 5, "fields": {"date_created": "2024-02-27T20:39:19.878Z", "user": 1, "date_updated": "2024-02-28T00:08:25.835Z", "team_name": "Spire Motorsports", "manufacturer": 1}}, {"model": "nascar.team", "pk": 6, "fields": {"date_created": "2024-02-27T20:41:53.197Z", "user": 1, "date_updated": "2024-02-28T00:07:08.673Z", "team_name": "Trackhouse Racing", "manufacturer": 1}}, {"model": "nascar.team", "pk": 7, "fields": {"date_created": "2024-02-27T20:43:12.808Z", "user": 1, "date_updated": "2024-02-28T00:10:32.803Z", "team_name": "Front Row Motorsports", "manufacturer": 2}}, {"model": "nascar.team", "pk": 8, "fields": {"date_created": "2024-02-27T20:46:47.649Z", "user": 1, "date_updated": "2024-02-28T00:08:12.290Z", "team_name": "RFK Racing", "manufacturer": 2}}, {"model": "nascar.team", "pk": 9, "fields": {"date_created": "2024-02-27T20:47:47.487Z", "user": 1, "date_updated": "2024-02-28T00:11:15.803Z", "team_name": "Rick Ware Racing", "manufacturer": 2}}, {"model": "nascar.team", "pk": 10, "fields": {"date_created": "2024-02-27T20:50:09.890Z", "user": 1, "date_updated": "2024-02-28T00:08:35.511Z", "team_name": "Stewart-Haas Racing", "manufacturer": 2}}, {"model": "nascar.team", "pk": 11, "fields": {"date_created": "2024-02-27T20:52:02.722Z", "user": 1, "date_updated": "2024-02-28T00:09:21.346Z", "team_name": "Team Penske", "manufacturer": 2}}, {"model": "nascar.team", "pk": 12, "fields": {"date_created": "2024-02-27T20:54:16.664Z", "user": 1, "date_updated": "2024-02-28T00:10:02.600Z", "team_name": "Wood Brothers Racing", "manufacturer": 2}}, {"model": "nascar.team", "pk": 13, "fields": {"date_created": "2024-02-27T20:54:53.475Z", "user": 1, "date_updated": "2024-02-28T00:10:18.043Z", "team_name": "23XI Racing", "manufacturer": 3}}, {"model": "nascar.team", "pk": 14, "fields": {"date_created": "2024-02-27T20:55:44.986Z", "user": 1, "date_updated": "2024-02-28T00:09:12.096Z", "team_name": "Joe Gibbs Racing", "manufacturer": 3}}, {"model": "nascar.team", "pk": 15, "fields": {"date_created": "2024-02-27T20:56:01.307Z", "user": 1, "date_updated": "2024-02-28T00:10:52.016Z", "team_name": "Legacy Motor Club", "manufacturer": 3}}, {"model": "nascar.team", "pk": 16, "fields": {"date_created": "2024-02-27T21:00:28.339Z", "user": 1, "date_updated": "2024-02-27T21:00:28.339Z", "team_name": "In-Active", "manufacturer": 1}}, {"model": "nascar.team", "pk": 17, "fields": {"date_created": "2024-02-27T21:01:26.292Z", "user": 1, "date_updated": "2024-02-27T21:01:26.292Z", "team_name": "Live Fast Motorsports", "manufacturer": 1}}, {"model": "nascar.driver", "pk": 1, "fields": {"date_created": "2024-02-22T22:56:09.617Z", "user": 1, "date_updated": "2024-02-27T20:42:16.650Z", "name": "Ross Chastain", "car_no": 1, "sponsor": "AdventHealth", "make": "Chevrolet", "team": "TRACKHOUSE RACING TEAM", "team_id": 6, "salary": 12000, "starting_position": null}}, {"model": "nascar.driver", "pk": 2, "fields": {"date_created": "2024-02-22T22:56:09.622Z", "user": 1, "date_updated": "2024-02-27T21:04:46.517Z", "name": "Aric Almirola", "car_no": 10, "sponsor": "Smithfield", "make": "Ford", "team": "Stewart-Haas Racing", "team_id": 16, "salary": 8000, "starting_position": null}}, {"model": "nascar.driver", "pk": 3, "fields": {"date_created": "2024-02-22T22:56:09.629Z", "user": 1, "date_updated": "2024-02-27T20:57:16.388Z", "name": "Denny Hamlin", "car_no": 11, "sponsor": "FedEx", "make": "Toyota", "team": "Joe Gibbs Racing", "team_id": 14, "salary": 11000, "starting_position": null}}, {"model": "nascar.driver", "pk": 4, "fields": {"date_created": "2024-02-22T22:56:09.636Z", "user": 1, "date_updated": "2024-02-27T20:53:07.838Z", "name": "Ryan Blaney", "car_no": 12, "sponsor": "Menards", "make": "Ford", "team": "Team Penske", "team_id": 11, "salary": 12000, "starting_position": null}}, {"model": "nascar.driver", "pk": 5, "fields": {"date_created": "2024-02-22T22:56:09.641Z", "user": 1, "date_updated": "2024-02-27T20:51:17.974Z", "name": "Chase Briscoe", "car_no": 14, "sponsor": "Mahindra Tractors", "make": "Ford", "team": "Stewart-Haas Racing", "team_id": 10, "salary": 10000, "starting_position": null}}, {"model": "nascar.driver", "pk": 6, "fields": {"date_created": "2024-02-22T22:56:09.645Z", "user": 1, "date_updated": "2024-02-27T21:04:10.877Z", "name": "J.J. Yeley", "car_no": 51, "sponsor": "Nurtec", "make": "Ford", "team": "RICK WARE RACING", "team_id": 16, "salary": 3000, "starting_position": null}}, {"model": "nascar.driver", "pk": 7, "fields": {"date_created": "2024-02-22T22:56:09.650Z", "user": 1, "date_updated": "2024-02-27T20:44:04.912Z", "name": "Todd Gilliland", "car_no": 36, "sponsor": "Wellcare", "make": "Ford", "team": "Front Row Motorsports", "team_id": 7, "salary": 8000, "starting_position": null}}, {"model": "nascar.driver", "pk": 8, "fields": {"date_created": "2024-02-22T22:56:09.655Z", "user": 1, "date_updated": "2024-02-27T21:03:37.673Z", "name": "Riley Herbst", "car_no": 15, "sponsor": "Adrenaline Shoc", "make": "Ford", "team": "RICK WARE RACING", "team_id": 16, "salary": 3000, "starting_position": null}}, {"model": "nascar.driver", "pk": 9, "fields": {"date_created": "2024-02-22T22:56:09.660Z", "user": 1, "date_updated": "2024-02-27T20:35:57.800Z", "name": "AJ Allmendinger", "car_no": 16, "sponsor": "Adrenaline Shoc", "make": "Chevrolet", "team": "Kaulig Racing", "team_id": 3, "salary": 6000, "starting_position": null}}, {"model": "nascar.driver", "pk": 10, "fields": {"date_created": "2024-02-22T22:56:09.665Z", "user": 1, "date_updated": "2024-02-27T20:47:23.829Z", "name": "Chris Buescher", "car_no": 17, "sponsor": "Fastenal", "make": "Ford", "team": "RFK Racing", "team_id": 8, "salary": 10000, "starting_position": null}}, {"model": "nascar.driver", "pk": 11, "fields": {"date_created": "2024-02-22T22:56:09.670Z", "user": 1, "date_updated": "2024-02-27T20:57:05.203Z", "name": "Martin Truex Jr.", "car_no": 19, "sponsor": "Bass Pro Shops", "make": "Toyota", "team": "Joe Gibbs Racing", "team_id": 14, "salary": 11000, "starting_position": null}}, {"model": "nascar.driver", "pk": 12, "fields": {"date_created": "2024-02-22T22:56:09.674Z", "user": 1, "date_updated": "2024-02-27T20:52:46.811Z", "name": "Austin Cindric", "car_no": 2, "sponsor": "Discount Tire", "make": "Ford", "team": "Team Penske", "team_id": 11, "salary": 9000, "starting_position": null}}, {"model": "nascar.driver", "pk": 13, "fields": {"date_created": "2024-02-22T22:56:09.679Z", "user": 1, "date_updated": "2024-02-27T20:56:51.274Z", "name": "Christopher Bell", "car_no": 20, "sponsor": "Rheem", "make": "Toyota", "team": "Joe Gibbs Racing", "team_id": 14, "salary": 12000, "starting_position": null}}, {"model": "nascar.driver", "pk": 14, "fields": {"date_created": "2024-02-22T22:56:09.683Z", "user": 1, "date_updated": "2024-02-27T20:54:35.691Z", "name": "Harrison Burton", "car_no": 21, "sponsor": "Motorcraft", "make": "Ford", "team": "Wood Brothers", "team_id": 12, "salary": 7000, "starting_position": null}}, {"model": "nascar.driver", "pk": 15, "fields": {"date_created": "2024-02-22T22:56:09.688Z", "user": 1, "date_updated": "2024-02-27T20:53:27.320Z", "name": "Joey Logano", "car_no": 22, "sponsor": "Shell-Pennzoil", "make": "Ford", "team": "Team Penske", "team_id": 11, "salary": 11000, "starting_position": null}}, {"model": "nascar.driver", "pk": 16, "fields": {"date_created": "2024-02-22T22:56:09.692Z", "user": 1, "date_updated": "2024-02-27T20:55:11.369Z", "name": "Bubba Wallace", "car_no": 23, "sponsor": "McDonalds", "make": "Toyota", "team": "23XI Racing", "team_id": 13, "salary": 9000, "starting_position": null}}, {"model": "nascar.driver", "pk": 17, "fields": {"date_created": "2024-02-22T22:56:09.697Z", "user": 1, "date_updated": "2024-02-22T22:56:09.697Z", "name": "William Byron", "car_no": 24, "sponsor": "Axalta", "make": "Chevrolet", "team": "Hendrick Motorsports", "team_id": 1, "salary": 11000, "starting_position": null}}, {"model": "nascar.driver", "pk": 18, "fields": {"date_created": "2024-02-22T22:56:09.702Z", "user": 1, "date_updated": "2024-02-27T20:38:02.679Z", "name": "Austin Dillon", "car_no": 3, "sponsor": "Bass Pro Shops", "make": "Chevrolet", "team": "Richard Childress Racing", "team_id": 4, "salary": 9000, "starting_position": null}}, {"model": "nascar.driver", "pk": 19, "fields": {"date_created": "2024-02-22T22:56:09.706Z", "user": 1, "date_updated": "2024-02-27T20:49:49.069Z", "name": "Justin Haley", "car_no": 31, "sponsor": "LeafFilter Gutter Protection", "make": "Chevrolet", "team": "Kaulig Racing", "team_id": 9, "salary": 9000, "starting_position": null}}, {"model": "nascar.driver", "pk": 20, "fields": {"date_created": "2024-02-22T22:56:09.710Z", "user": 1, "date_updated": "2024-02-27T20:43:48.056Z", "name": "Michael McDowell", "car_no": 34, "sponsor": "Love's Travel Stops", "make": "Ford", "team": "Front Row Motorsports", "team_id": 7, "salary": 10000, "starting_position": null}}, {"model": "nascar.driver", "pk": 21, "fields": {"date_created": "2024-02-22T22:56:09.716Z", "user": 1, "date_updated": "2024-02-27T20:40:24.403Z", "name": "Zane Smith", "car_no": 71, "sponsor": null, "make": null, "team": "Front Row Motorsports", "team_id": 5, "salary": 3000, "starting_position": null}}, {"model": "nascar.driver", "pk": 22, "fields": {"date_created": "2024-02-22T22:56:09.720Z", "user": 1, "date_updated": "2024-02-27T21:04:54.553Z", "name": "Kevin Harvick", "car_no": 4, "sponsor": "GEARWRENCH", "make": "Ford", "team": "Stewart-Haas Racing", "team_id": 16, "salary": 11000, "starting_position": null}}, {"model": "nascar.driver", "pk": 23, "fields": {"date_created": "2024-02-22T22:56:09.725Z", "user": 1, "date_updated": "2024-02-27T20:51:33.377Z", "name": "Ryan Preece", "car_no": 41, "sponsor": "Haas Automation", "make": "Ford", "team": "Stewart-Haas Racing", "team_id": 10, "salary": 3000, "starting_position": null}}, {"model": "nascar.driver", "pk": 24, "fields": {"date_created": "2024-02-22T22:56:09.729Z", "user": 1, "date_updated": "2024-02-27T20:51:02.989Z", "name": "Noah Gragson", "car_no": 42, "sponsor": "Black Rifle Coffee", "make": "Chevrolet", "team": "Legacy Motor Club", "team_id": 10, "salary": 5000, "starting_position": null}}, {"model": "nascar.driver", "pk": 25, "fields": {"date_created": "2024-02-22T22:56:09.734Z", "user": 1, "date_updated": "2024-02-27T20:58:19.268Z", "name": "Erik Jones", "car_no": 43, "sponsor": "Focus Factor", "make": "Chevrolet", "team": "Legacy Motor Club", "team_id": 15, "salary": 9000, "starting_position": null}}, {"model": "nascar.driver", "pk": 26, "fields": {"date_created": "2024-02-22T22:56:09.738Z", "user": 1, "date_updated": "2024-02-27T20:55:24.140Z", "name": "Tyler Reddick", "car_no": 45, "sponsor": "Monster Energy", "make": "Toyota", "team": "23XI Racing", "team_id": 13, "salary": 11000, "starting_position": null}}, {"model": "nascar.driver", "pk": 27, "fields": {"date_created": "2024-02-22T22:56:09.744Z", "user": 1, "date_updated": "2024-02-27T20:35:38.504Z", "name": "Ricky Stenhouse Jr.", "car_no": 47, "sponsor": "Kroger", "make": "Chevrolet", "team": "JTG Daugherty Racing", "team_id": 2, "salary": 10000, "starting_position": null}}, {"model": "nascar.driver", "pk": 28, "fields": {"date_created": "2024-02-22T22:56:09.749Z", "user": 1, "date_updated": "2024-02-27T20:33:27.902Z", "name": "Alex Bowman", "car_no": 48, "sponsor": "Ally", "make": "Chevrolet", "team": "Hendrick Motorsports", "team_id": 1, "salary": 11000, "starting_position": null}}, {"model": "nascar.driver", "pk": 29, "fields": {"date_created": "2024-02-22T22:56:09.753Z", "user": 1, "date_updated": "2024-02-22T22:56:09.753Z", "name": "Kyle Larson", "car_no": 5, "sponsor": "HendrickCars.com", "make": "Chevrolet", "team": "Hendrick Motorsports", "team_id": 1, "salary": 11000, "starting_position": null}}, {"model": "nascar.driver", "pk": 30, "fields": {"date_created": "2024-02-22T22:56:09.759Z", "user": 1, "date_updated": "2024-02-27T21:02:58.239Z", "name": "Conor Daly", "car_no": 50, "sponsor": "Dent Wizard", "make": "Chevrolet", "team": null, "team_id": 16, "salary": 3000, "starting_position": null}}, {"model": "nascar.driver", "pk": 31, "fields": {"date_created": "2024-02-22T22:56:09.763Z", "user": 1, "date_updated": "2024-02-27T20:48:22.485Z", "name": "Cody Ware", "car_no": 51, "sponsor": "Nurtec", "make": "Ford", "team": "RICK WARE RACING", "team_id": 9, "salary": 5000, "starting_position": null}}, {"model": "nascar.driver", "pk": 32, "fields": {"date_created": "2024-02-22T22:56:09.767Z", "user": 1, "date_updated": "2024-02-27T20:57:33.370Z", "name": "Ty Gibbs", "car_no": 54, "sponsor": "Monster Energy", "make": "Toyota", "team": "Joe Gibbs Racing", "team_id": 14, "salary": 6000, "starting_position": null}}, {"model": "nascar.driver", "pk": 33, "fields": {"date_created": "2024-02-22T22:56:09.771Z", "user": 1, "date_updated": "2024-02-27T20:47:07.261Z", "name": "Brad Keselowski", "car_no": 6, "sponsor": "Kohler Power Reserve", "make": "Ford", "team": "RFK Racing", "team_id": 8, "salary": 10000, "starting_position": null}}, {"model": "nascar.driver", "pk": 34, "fields": {"date_created": "2024-02-22T22:56:09.776Z", "user": 1, "date_updated": "2024-02-27T21:04:28.097Z", "name": "Austin Hill", "car_no": 62, "sponsor": "Dent Wizard", "make": "Chevrolet", "team": null, "team_id": 16, "salary": 3000, "starting_position": null}}, {"model": "nascar.driver", "pk": 35, "fields": {"date_created": "2024-02-22T22:56:09.781Z", "user": 1, "date_updated": "2024-02-27T21:03:52.914Z", "name": "Travis Pastrana", "car_no": 67, "sponsor": null, "make": null, "team": null, "team_id": 16, "salary": 3000, "starting_position": null}}, {"model": "nascar.driver", "pk": 36, "fields": {"date_created": "2024-02-22T22:56:09.785Z", "user": 1, "date_updated": "2024-02-27T20:39:38.497Z", "name": "Corey LaJoie", "car_no": 7, "sponsor": "Built Bar", "make": "Chevrolet", "team": "Spire Motorsports", "team_id": 5, "salary": 8000, "starting_position": null}}, {"model": "nascar.driver", "pk": 37, "fields": {"date_created": "2024-02-22T22:56:09.792Z", "user": 1, "date_updated": "2024-02-27T21:00:51.568Z", "name": "Ty Dillon", "car_no": 77, "sponsor": "Smithfield", "make": "Chevrolet", "team": "Spire Motorsports", "team_id": 16, "salary": 6000, "starting_position": null}}, {"model": "nascar.driver", "pk": 38, "fields": {"date_created": "2024-02-22T22:56:09.798Z", "user": 1, "date_updated": "2024-02-27T21:01:37.141Z", "name": "B.J. McLeod", "car_no": 78, "sponsor": "Power Slap Rumble", "make": "Ford", "team": "Live Fast Motorsports", "team_id": 17, "salary": 4000, "starting_position": null}}, {"model": "nascar.driver", "pk": 39, "fields": {"date_created": "2024-02-22T22:56:09.802Z", "user": 1, "date_updated": "2024-02-27T20:38:43.342Z", "name": "Kyle Busch", "car_no": 8, "sponsor": "Netspend", "make": "Chevrolet", "team": "Richard Childress Racing", "team_id": 4, "salary": 12000, "starting_position": null}}, {"model": "nascar.driver", "pk": 40, "fields": {"date_created": "2024-02-22T22:56:09.809Z", "user": 1, "date_updated": "2024-02-27T20:35:07.387Z", "name": "Chase Elliott", "car_no": 9, "sponsor": "NAPA Auto Parts", "make": "Chevrolet", "team": "Hendrick Motorsports", "team_id": 1, "salary": 8000, "starting_position": null}}, {"model": "nascar.driver", "pk": 41, "fields": {"date_created": "2024-02-22T22:56:09.813Z", "user": 1, "date_updated": "2024-02-27T20:59:33.829Z", "name": "Jimmie Johnson", "car_no": 84, "sponsor": "Carvana", "make": "Chevrolet", "team": "Legacy Motor Club", "team_id": 15, "salary": 3000, "starting_position": null}}, {"model": "nascar.driver", "pk": 42, "fields": {"date_created": "2024-02-22T22:56:09.818Z", "user": 1, "date_updated": "2024-02-27T20:50:36.334Z", "name": "Josh Berry", "car_no": 9, "sponsor": "NAPA Auto Parts", "make": "Chevrolet", "team": "Hendrick Motorsports", "team_id": 10, "salary": 3000, "starting_position": null}}, {"model": "nascar.driver", "pk": 43, "fields": {"date_created": "2024-02-22T22:56:09.824Z", "user": 1, "date_updated": "2024-02-27T20:42:37.816Z", "name": "Daniel Suarez", "car_no": 99, "sponsor": "3CHI", "make": "Chevrolet", "team": "TRACKHOUSE RACING TEAM", "team_id": 6, "salary": 10000, "starting_position": null}}, {"model": "nascar.driver", "pk": 44, "fields": {"date_created": "2024-02-23T18:32:53.869Z", "user": 1, "date_updated": "2024-02-27T21:03:14.046Z", "name": "N/A", "car_no": null, "sponsor": null, "make": null, "team": null, "team_id": 16, "salary": null, "starting_position": null}}, {"model": "nascar.driver", "pk": 45, "fields": {"date_created": "2024-02-27T20:37:01.946Z", "user": 1, "date_updated": "2024-02-27T20:37:01.946Z", "name": "Daniel Hemric", "car_no": 31, "sponsor": null, "make": null, "team": null, "team_id": 3, "salary": null, "starting_position": null}}, {"model": "nascar.driver", "pk": 46, "fields": {"date_created": "2024-02-27T20:41:26.301Z", "user": 1, "date_updated": "2024-02-27T20:41:26.301Z", "name": "Carson Hocevar", "car_no": 77, "sponsor": null, "make": "Chevrolet", "team": null, "team_id": 5, "salary": null, "starting_position": null}}, {"model": "nascar.driver", "pk": 47, "fields": {"date_created": "2024-02-27T20:49:22.146Z", "user": 1, "date_updated": "2024-02-27T20:49:22.146Z", "name": "Kaz Grala", "car_no": 36, "sponsor": null, "make": "Ford Mustang", "team": null, "team_id": 9, "salary": null, "starting_position": null}}, {"model": "nascar.driver", "pk": 48, "fields": {"date_created": "2024-02-27T20:59:07.093Z", "user": 1, "date_updated": "2024-02-27T20:59:07.093Z", "name": "John Hunter Nemechek", "car_no": 42, "sponsor": null, "make": "Toyota", "team": null, "team_id": 15, "salary": null, "starting_position": null}}]