[{"model": "nascar.bet", "pk": 1, "fields": {"date_created": "2024-02-23T15:59:58.040Z", "user": 1, "date_updated": "2024-02-23T18:31:57.717Z", "player": 1, "race": 1, "driver": 15, "finish": 32, "first_pick": true}}, {"model": "nascar.bet", "pk": 2, "fields": {"date_created": "2024-02-23T16:00:21.816Z", "user": 1, "date_updated": "2024-02-23T18:31:48.040Z", "player": 2, "race": 1, "driver": 40, "finish": 14, "first_pick": false}}, {"model": "nascar.bet", "pk": 3, "fields": {"date_created": "2024-02-23T17:53:16.085Z", "user": 1, "date_updated": "2024-02-26T00:25:30.174Z", "player": 2, "race": 2, "driver": 15, "finish": 28, "first_pick": true}}, {"model": "nascar.bet", "pk": 4, "fields": {"date_created": "2024-02-23T17:53:24.796Z", "user": 1, "date_updated": "2024-02-26T00:25:43.260Z", "player": 1, "race": 2, "driver": 29, "finish": 32, "first_pick": true}}, {"model": "nascar.bet", "pk": 5, "fields": {"date_created": "2024-02-24T00:35:15.821Z", "user": 1, "date_updated": "2024-03-05T21:15:03.274Z", "player": 1, "race": 3, "driver": 29, "finish": 1, "first_pick": true}}, {"model": "nascar.bet", "pk": 6, "fields": {"date_created": "2024-02-24T00:36:10.772Z", "user": 1, "date_updated": "2024-03-05T21:14:49.097Z", "player": 2, "race": 3, "driver": 17, "finish": 10, "first_pick": false}}, {"model": "nascar.player", "pk": 1, "fields": {"date_created": "2024-02-23T15:49:51.980Z", "user": 1, "date_updated": "2024-02-23T15:49:51.980Z", "player_name": "Greg"}}, {"model": "nascar.player", "pk": 2, "fields": {"date_created": "2024-02-23T15:50:20.442Z", "user": 1, "date_updated": "2024-02-23T15:50:20.442Z", "player_name": "Bob"}}, {"model": "nascar.race", "pk": 1, "fields": {"date_created": "2024-02-23T15:59:34.321Z", "user": 1, "date_updated": "2024-02-25T00:50:04.618Z", "race_name": "Daytona 500", "race_date": "2024-02-18", "race_time": "19:41:14", "track": 10, "tv_radio": "FOX/PRN"}}, {"model": "nascar.race", "pk": 2, "fields": {"date_created": "2024-02-23T17:52:43.446Z", "user": 1, "date_updated": "2024-02-25T00:47:17.158Z", "race_name": "Ambetter Health 400", "race_date": "2024-02-25", "race_time": "15:00:00", "track": 1, "tv_radio": "Fox/PRN"}}, {"model": "nascar.race", "pk": 3, "fields": {"date_created": "2024-02-24T00:33:50.147Z", "user": 1, "date_updated": "2024-02-25T00:50:48.294Z", "race_name": "Pennzoil 400", "race_date": "2024-03-03", "race_time": "15:30:00", "track": 16, "tv_radio": "Fox/PRN"}}, {"model": "nascar.race", "pk": 4, "fields": {"date_created": "2024-02-25T00:52:04.912Z", "user": 1, "date_updated": "2024-02-25T00:52:04.913Z", "race_name": "Shriners Children's 500", "race_date": "2024-03-10", "race_time": "15:30:00", "track": 7, "tv_radio": "Fox/PRN"}}, {"model": "nascar.race", "pk": 5, "fields": {"date_created": "2024-02-25T14:09:12.360Z", "user": 1, "date_updated": "2024-02-25T14:09:12.360Z", "race_name": "NASCAR Cup Series at Atlanta", "race_date": "2023-03-19", "race_time": "12:00:00", "track": 1, "tv_radio": "Fox/PRN"}}, {"model": "nascar.race", "pk": 6, "fields": {"date_created": "2024-02-26T20:37:40.617Z", "user": 1, "date_updated": "2024-02-26T20:37:40.617Z", "race_name": "NASCAR Cup Series at Bristol", "race_date": "2024-03-17", "race_time": "15:30:00", "track": 3, "tv_radio": "Fox/PRN"}}, {"model": "nascar.race", "pk": 7, "fields": {"date_created": "2024-02-26T20:38:41.781Z", "user": 1, "date_updated": "2024-02-26T20:38:41.781Z", "race_name": "NASCAR Cup Series at Circuit of the Americas", "race_date": "2024-03-24", "race_time": "15:30:00", "track": 4, "tv_radio": "Fox/PRN"}}, {"model": "nascar.race", "pk": 8, "fields": {"date_created": "2024-02-26T20:39:59.781Z", "user": 1, "date_updated": "2024-02-26T20:39:59.781Z", "race_name": "NASCAR Cup Series at Richmond", "race_date": "2024-03-31", "race_time": "19:00:00", "track": 22, "tv_radio": "Fox/PRN"}}, {"model": "nascar.race", "pk": 9, "fields": {"date_created": "2024-02-26T20:41:05.100Z", "user": 1, "date_updated": "2024-02-26T20:41:05.100Z", "race_name": "NASCAR Cup Series at Martinsville", "race_date": "2024-04-07", "race_time": "15:00:00", "track": 18, "tv_radio": "FS1"}}, {"model": "nascar.race", "pk": 10, "fields": {"date_created": "2024-02-26T20:42:38.341Z", "user": 1, "date_updated": "2024-02-26T20:42:38.341Z", "race_name": "NASCAR Cup Series at Texas", "race_date": "2024-04-14", "race_time": "15:30:00", "track": 26, "tv_radio": "FS1"}}, {"model": "nascar.race", "pk": 11, "fields": {"date_created": "2024-02-27T19:13:00.664Z", "user": 1, "date_updated": "2024-02-27T19:13:00.664Z", "race_name": "PENNZOIL 400 PRESENTED BY JIFFY LUBE", "race_date": "2023-03-05", "race_time": "14:10:51", "track": 16, "tv_radio": "Fox/PRN"}}, {"model": "nascar.race", "pk": 12, "fields": {"date_created": "2024-02-27T19:22:36.668Z", "user": 1, "date_updated": "2024-02-27T19:22:36.668Z", "race_name": "EchoPark Automotive Grand Prix", "race_date": "2023-03-26", "race_time": "14:10:51", "track": 4, "tv_radio": "Fox/PRN"}}, {"model": "nascar.race", "pk": 13, "fields": {"date_created": "2024-02-27T19:30:42.200Z", "user": 1, "date_updated": "2024-02-27T19:30:42.200Z", "race_name": "Pennzoil 400", "race_date": "2022-03-06", "race_time": "14:27:33", "track": 16, "tv_radio": "Fox/PRN"}}, {"model": "nascar.race", "pk": 14, "fields": {"date_created": "2024-02-29T19:32:43.441Z", "user": 1, "date_updated": "2024-02-29T19:32:43.441Z", "race_name": "Daytona 500 Duels", "race_date": "2022-02-17", "race_time": "14:32:43.372", "track": 10, "tv_radio": "Fox/PRN"}}, {"model": "nascar.race", "pk": 15, "fields": {"date_created": "2024-02-29T19:32:43.469Z", "user": 1, "date_updated": "2024-02-29T19:32:43.470Z", "race_name": "Daytona 500", "race_date": "2022-02-20", "race_time": "14:32:43.372", "track": 10, "tv_radio": "Fox/PRN"}}, {"model": "nascar.race", "pk": 16, "fields": {"date_created": "2024-02-29T19:32:43.488Z", "user": 1, "date_updated": "2024-02-29T19:32:43.488Z", "race_name": "Wise Power 400", "race_date": "2022-02-27", "race_time": "14:32:43.372", "track": 2, "tv_radio": "Fox/PRN"}}, {"model": "nascar.race", "pk": 22, "fields": {"date_created": "2024-02-29T19:35:19.122Z", "user": 1, "date_updated": "2024-02-29T19:35:19.122Z", "race_name": "Ruoff Mortgage 500k", "race_date": "2022-03-13", "race_time": "14:35:19.026", "track": 7, "tv_radio": "Fox/PRN"}}, {"model": "nascar.race", "pk": 23, "fields": {"date_created": "2024-02-29T19:35:19.128Z", "user": 1, "date_updated": "2024-02-29T19:35:19.128Z", "race_name": "Folds of Honor QuikTrip 500", "race_date": "2022-03-20", "race_time": "14:35:19.026", "track": 1, "tv_radio": "Fox/PRN"}}, {"model": "nascar.race", "pk": 24, "fields": {"date_created": "2024-02-29T19:35:19.134Z", "user": 1, "date_updated": "2024-02-29T19:35:19.134Z", "race_name": "EchoPark Automotive Texas Grand Prix", "race_date": "2022-03-27", "race_time": "14:35:19.026", "track": 4, "tv_radio": "Fox/PRN"}}, {"model": "nascar.race", "pk": 25, "fields": {"date_created": "2024-02-29T19:35:19.143Z", "user": 1, "date_updated": "2024-02-29T19:35:19.143Z", "race_name": "Toyota Owners 400", "race_date": "2022-04-03", "race_time": "14:35:19.026", "track": 22, "tv_radio": "Fox/PRN"}}, {"model": "nascar.race", "pk": 26, "fields": {"date_created": "2024-02-29T19:35:19.149Z", "user": 1, "date_updated": "2024-02-29T19:35:19.149Z", "race_name": "Blue-Emu Maximum Pain Relief 400", "race_date": "2022-04-09", "race_time": "14:35:19.026", "track": 18, "tv_radio": "Fox/PRN"}}, {"model": "nascar.race", "pk": 27, "fields": {"date_created": "2024-02-29T19:35:19.155Z", "user": 1, "date_updated": "2024-02-29T19:35:19.155Z", "race_name": "Food City Dirt Race", "race_date": "2022-04-17", "race_time": "14:35:19.026", "track": 3, "tv_radio": "Fox/PRN"}}, {"model": "nascar.race", "pk": 28, "fields": {"date_created": "2024-02-29T19:35:19.161Z", "user": 1, "date_updated": "2024-02-29T19:35:19.161Z", "race_name": "GEICO 500", "race_date": "2022-04-24", "race_time": "14:35:19.026", "track": 25, "tv_radio": "Fox/PRN"}}, {"model": "nascar.race", "pk": 29, "fields": {"date_created": "2024-02-29T19:35:19.167Z", "user": 1, "date_updated": "2024-02-29T19:35:19.167Z", "race_name": "DuraMAX Drydene 400", "race_date": "2022-05-01", "race_time": "14:35:19.026", "track": 12, "tv_radio": "Fox/PRN"}}, {"model": "nascar.race", "pk": 30, "fields": {"date_created": "2024-02-29T19:35:19.173Z", "user": 1, "date_updated": "2024-02-29T19:35:19.173Z", "race_name": "Goodyear 400", "race_date": "2022-05-08", "race_time": "14:35:19.026", "track": 9, "tv_radio": "Fox/PRN"}}, {"model": "nascar.race", "pk": 31, "fields": {"date_created": "2024-02-29T19:35:19.179Z", "user": 1, "date_updated": "2024-02-29T19:35:19.179Z", "race_name": "AdventHealth 400", "race_date": "2022-05-15", "race_time": "14:35:19.026", "track": 15, "tv_radio": "Fox/PRN"}}, {"model": "nascar.race", "pk": 32, "fields": {"date_created": "2024-02-29T19:35:19.185Z", "user": 1, "date_updated": "2024-02-29T19:35:19.185Z", "race_name": "NASCAR All-Star Open", "race_date": "2022-05-22", "race_time": "14:35:19.026", "track": 26, "tv_radio": "Fox/PRN"}}, {"model": "nascar.race", "pk": 34, "fields": {"date_created": "2024-02-29T19:35:19.195Z", "user": 1, "date_updated": "2024-02-29T19:35:19.195Z", "race_name": "Coca-Cola 600", "race_date": "2022-05-29", "race_time": "14:35:19.026", "track": 5, "tv_radio": "Fox/PRN"}}, {"model": "nascar.race", "pk": 35, "fields": {"date_created": "2024-02-29T19:35:19.201Z", "user": 1, "date_updated": "2024-02-29T19:35:19.201Z", "race_name": "Enjoy Illinois 300", "race_date": "2022-06-05", "race_time": "14:35:19.026", "track": 28, "tv_radio": "Fox/PRN"}}, {"model": "nascar.race", "pk": 36, "fields": {"date_created": "2024-02-29T19:35:19.207Z", "user": 1, "date_updated": "2024-02-29T19:35:19.207Z", "race_name": "Toyota/Save Mart 350", "race_date": "2022-06-12", "race_time": "14:35:19.026", "track": 24, "tv_radio": "Fox/PRN"}}, {"model": "nascar.race", "pk": 37, "fields": {"date_created": "2024-02-29T19:35:19.213Z", "user": 1, "date_updated": "2024-02-29T19:35:19.213Z", "race_name": "Ally 400", "race_date": "2022-06-26", "race_time": "14:35:19.026", "track": 19, "tv_radio": "Fox/PRN"}}, {"model": "nascar.race", "pk": 38, "fields": {"date_created": "2024-02-29T19:35:19.219Z", "user": 1, "date_updated": "2024-02-29T19:35:19.219Z", "race_name": "Kwik Trip 250", "race_date": "2022-07-03", "race_time": "14:35:19.026", "track": 23, "tv_radio": "Fox/PRN"}}, {"model": "nascar.race", "pk": 39, "fields": {"date_created": "2024-02-29T19:35:19.224Z", "user": 1, "date_updated": "2024-02-29T19:35:19.224Z", "race_name": "Quaker State 400", "race_date": "2022-07-10", "race_time": "14:35:19.026", "track": 1, "tv_radio": "Fox/PRN"}}, {"model": "nascar.race", "pk": 40, "fields": {"date_created": "2024-02-29T19:35:19.230Z", "user": 1, "date_updated": "2024-02-29T19:35:19.230Z", "race_name": "Ambetter 301", "race_date": "2022-07-17", "race_time": "14:35:19.026", "track": 20, "tv_radio": "Fox/PRN"}}, {"model": "nascar.race", "pk": 41, "fields": {"date_created": "2024-02-29T19:35:19.236Z", "user": 1, "date_updated": "2024-02-29T19:35:19.236Z", "race_name": "M&M's Fan Appreciation 400", "race_date": "2022-07-24", "race_time": "14:35:19.026", "track": 21, "tv_radio": "Fox/PRN"}}, {"model": "nascar.race", "pk": 42, "fields": {"date_created": "2024-02-29T19:35:19.242Z", "user": 1, "date_updated": "2024-02-29T19:35:19.242Z", "race_name": "Verizon 200", "race_date": "2022-07-31", "race_time": "14:35:19.026", "track": 14, "tv_radio": "Fox/PRN"}}, {"model": "nascar.race", "pk": 43, "fields": {"date_created": "2024-02-29T19:35:19.247Z", "user": 1, "date_updated": "2024-02-29T19:35:19.247Z", "race_name": "FireKeepers Casino 400", "race_date": "2022-08-07", "race_time": "14:35:19.026", "track": 8, "tv_radio": "Fox/PRN"}}, {"model": "nascar.race", "pk": 44, "fields": {"date_created": "2024-02-29T19:35:19.254Z", "user": 1, "date_updated": "2024-02-29T19:35:19.254Z", "race_name": "Federated Auto Parts 400", "race_date": "2022-08-14", "race_time": "14:35:19.026", "track": 22, "tv_radio": "Fox/PRN"}}, {"model": "nascar.race", "pk": 45, "fields": {"date_created": "2024-02-29T19:35:19.260Z", "user": 1, "date_updated": "2024-02-29T19:35:19.260Z", "race_name": "Go Bowling at the Glen", "race_date": "2022-08-21", "race_time": "14:35:19.026", "track": 27, "tv_radio": "Fox/PRN"}}, {"model": "nascar.race", "pk": 46, "fields": {"date_created": "2024-02-29T19:35:19.265Z", "user": 1, "date_updated": "2024-02-29T19:35:19.265Z", "race_name": "Coke Zero Sugar 400", "race_date": "2022-08-27", "race_time": "14:35:19.026", "track": 10, "tv_radio": "Fox/PRN"}}, {"model": "nascar.race", "pk": 47, "fields": {"date_created": "2024-02-29T19:40:56.905Z", "user": 1, "date_updated": "2024-02-29T19:40:56.905Z", "race_name": "Daytona 500", "race_date": "2022-02-19", "race_time": "14:40:56.834", "track": 10, "tv_radio": "Fox/PRN"}}, {"model": "nascar.race", "pk": 49, "fields": {"date_created": "2024-02-29T19:43:49.323Z", "user": 1, "date_updated": "2024-02-29T19:51:57.039Z", "race_name": "Pala Casino 400", "race_date": "2023-02-26", "race_time": "14:43:49", "track": 2, "tv_radio": "Fox/PRN"}}, {"model": "nascar.race", "pk": 54, "fields": {"date_created": "2024-02-29T23:49:07.955Z", "user": 1, "date_updated": "2024-02-29T23:49:07.955Z", "race_name": "NASCAR Cup Series at Las Vegas", "race_date": "2023-10-15", "race_time": "18:44:52", "track": 16, "tv_radio": "N/A"}}, {"model": "nascar.race", "pk": 55, "fields": {"date_created": "2024-02-29T23:50:22.425Z", "user": 1, "date_updated": "2024-02-29T23:50:22.425Z", "race_name": "NASCAR Cup Series at Las Vegas", "race_date": "2022-10-16", "race_time": "18:44:52", "track": 16, "tv_radio": "Fox/PRN"}}, {"model": "nascar.track", "pk": 1, "fields": {"date_created": "2024-02-22T23:27:48.826Z", "user": 1, "date_updated": "2024-02-22T23:27:48.826Z", "track_name": "Atlanta Motor Speedway", "owner": "Speedway Motorsports", "track_length": 1.54, "configuration": "Quad-oval", "city": "Hampton", "state": " Georgia"}}, {"model": "nascar.track", "pk": 2, "fields": {"date_created": "2024-02-22T23:27:48.930Z", "user": 1, "date_updated": "2024-02-22T23:27:48.930Z", "track_name": "Auto Club Speedway", "owner": "NASCAR", "track_length": 2.0, "configuration": "paved D-shaped oval", "city": "Fontana", "state": "California"}}, {"model": "nascar.track", "pk": 3, "fields": {"date_created": "2024-02-22T23:27:48.946Z", "user": 1, "date_updated": "2024-02-22T23:27:48.946Z", "track_name": "Bristol Motor Speedway", "owner": "Speedway Motorsports", "track_length": 0.533, "configuration": "Concrete oval / Dirt oval", "city": "Bristol", "state": " Tennessee"}}, {"model": "nascar.track", "pk": 4, "fields": {"date_created": "2024-02-22T23:27:48.953Z", "user": 1, "date_updated": "2024-02-22T23:27:48.953Z", "track_name": "Circuit Of The Americas", "owner": "LLC", "track_length": 3.426, "configuration": "Road course", "city": "Austin", "state": " Texas"}}, {"model": "nascar.track", "pk": 5, "fields": {"date_created": "2024-02-22T23:27:48.966Z", "user": 1, "date_updated": "2024-02-22T23:27:48.966Z", "track_name": "Charlotte Motor Speedway", "owner": "Speedway Motorsports", "track_length": 1.5, "configuration": "Quad-oval", "city": "Concord", "state": " North Carolina"}}, {"model": "nascar.track", "pk": 6, "fields": {"date_created": "2024-02-22T23:27:48.994Z", "user": 1, "date_updated": "2024-02-22T23:27:48.994Z", "track_name": "Charlotte Motor Speedway Roval", "owner": "Speedway Motorsports", "track_length": 2.28, "configuration": "Road course", "city": "Concord", "state": " North Carolina"}}, {"model": "nascar.track", "pk": 7, "fields": {"date_created": "2024-02-22T23:27:49.006Z", "user": 1, "date_updated": "2024-02-22T23:27:49.006Z", "track_name": "Phoenix Raceway", "owner": "NASCAR", "track_length": 1.022, "configuration": "Dogleg oval", "city": "Avondale", "state": " Arizona"}}, {"model": "nascar.track", "pk": 8, "fields": {"date_created": "2024-02-22T23:27:49.016Z", "user": 1, "date_updated": "2024-02-22T23:27:49.016Z", "track_name": "Michigan International Speedway", "owner": "NASCAR", "track_length": 2.0, "configuration": "D-shaped oval", "city": "Brooklyn", "state": " Michigan"}}, {"model": "nascar.track", "pk": 9, "fields": {"date_created": "2024-02-22T23:27:49.021Z", "user": 1, "date_updated": "2024-02-22T23:27:49.021Z", "track_name": "Darlington Raceway", "owner": "NASCAR", "track_length": 1.366, "configuration": "Egg-shaped oval", "city": "Darlington", "state": " South Carolina"}}, {"model": "nascar.track", "pk": 10, "fields": {"date_created": "2024-02-22T23:27:49.038Z", "user": 1, "date_updated": "2024-02-22T23:27:49.038Z", "track_name": "Daytona International Speedway", "owner": "NASCAR", "track_length": 2.5, "configuration": "Tri-oval", "city": "Daytona Beach", "state": " Florida"}}, {"model": "nascar.track", "pk": 11, "fields": {"date_created": "2024-02-22T23:27:49.043Z", "user": 1, "date_updated": "2024-02-22T23:27:49.043Z", "track_name": "Daytona International Speedway Road Course", "owner": "NASCAR", "track_length": 3.57, "configuration": "Road Course", "city": "Daytona Beach", "state": " Florida"}}, {"model": "nascar.track", "pk": 12, "fields": {"date_created": "2024-02-22T23:27:49.058Z", "user": 1, "date_updated": "2024-02-22T23:27:49.058Z", "track_name": "Dover Motor Speedway", "owner": "Speedway Motorsports", "track_length": 1.0, "configuration": "Concrete oval", "city": "Dover", "state": "New Hampshire"}}, {"model": "nascar.track", "pk": 13, "fields": {"date_created": "2024-02-22T23:27:49.063Z", "user": 1, "date_updated": "2024-02-22T23:27:49.063Z", "track_name": "Homestead–Miami Speedway", "owner": "NASCAR", "track_length": 1.485, "configuration": "Classic oval", "city": "Homestead", "state": "Florida"}}, {"model": "nascar.track", "pk": 14, "fields": {"date_created": "2024-02-22T23:27:49.075Z", "user": 1, "date_updated": "2024-02-22T23:27:49.075Z", "track_name": "Indianapolis Motor Speedway Road Course", "owner": "Penske Entertainment Corp.", "track_length": 2.439, "configuration": "Road course", "city": "Speedway", "state": " Indiana"}}, {"model": "nascar.track", "pk": 15, "fields": {"date_created": "2024-02-22T23:27:49.082Z", "user": 1, "date_updated": "2024-02-22T23:27:49.082Z", "track_name": "Kansas Speedway", "owner": "NASCAR", "track_length": 1.52, "configuration": "Tri-oval", "city": "Kansas City", "state": " Kansas"}}, {"model": "nascar.track", "pk": 16, "fields": {"date_created": "2024-02-22T23:27:49.087Z", "user": 1, "date_updated": "2024-02-22T23:27:49.087Z", "track_name": "Las Vegas Motor Speedway", "owner": "Speedway Motorsports", "track_length": 1.544, "configuration": "Tri-oval", "city": "Clark County", "state": " Nevada"}}, {"model": "nascar.track", "pk": 17, "fields": {"date_created": "2024-02-22T23:27:49.103Z", "user": 1, "date_updated": "2024-02-22T23:27:49.103Z", "track_name": "Los Angeles Memorial Coliseum", "owner": "Los Angeles Memorial Coliseum Commission", "track_length": 0.25, "configuration": "Stadium oval", "city": "Los Angeles", "state": " California"}}, {"model": "nascar.track", "pk": 18, "fields": {"date_created": "2024-02-22T23:27:49.107Z", "user": 1, "date_updated": "2024-02-22T23:27:49.107Z", "track_name": "Martinsville Speedway", "owner": "NASCAR", "track_length": 0.526, "configuration": "Paperclip-shaped oval", "city": "Ridgeway", "state": "Virginia"}}, {"model": "nascar.track", "pk": 19, "fields": {"date_created": "2024-02-22T23:27:49.118Z", "user": 1, "date_updated": "2024-02-22T23:27:49.118Z", "track_name": "Nashville Superspeedway", "owner": "Speedway Motorsports", "track_length": 1.333, "configuration": "Concrete Tri-oval", "city": "Lebanon", "state": " Tennessee"}}, {"model": "nascar.track", "pk": 20, "fields": {"date_created": "2024-02-22T23:27:49.127Z", "user": 1, "date_updated": "2024-02-22T23:27:49.127Z", "track_name": "New Hampshire Motor Speedway", "owner": "Speedway Motorsports", "track_length": 1.058, "configuration": "Paperclip oval", "city": "Loudon", "state": " New Hampshire"}}, {"model": "nascar.track", "pk": 21, "fields": {"date_created": "2024-02-22T23:27:49.132Z", "user": 1, "date_updated": "2024-02-22T23:27:49.132Z", "track_name": "Pocono Raceway", "owner": "Mattco Inc.", "track_length": 2.5, "configuration": "Triangular-shaped oval", "city": "Long Pond", "state": " Pennsylvania"}}, {"model": "nascar.track", "pk": 22, "fields": {"date_created": "2024-02-22T23:27:49.147Z", "user": 1, "date_updated": "2024-02-22T23:27:49.147Z", "track_name": "Richmond Raceway", "owner": "NASCA", "track_length": 0.75, "configuration": "D-shaped oval", "city": "Henrico County", "state": " Virginia"}}, {"model": "nascar.track", "pk": 23, "fields": {"date_created": "2024-02-22T23:27:49.152Z", "user": 1, "date_updated": "2024-02-22T23:27:49.152Z", "track_name": "Road America", "owner": "Road America Inc.", "track_length": 4.048, "configuration": "Road course", "city": "Elkhart Lake", "state": " Wisconsin"}}, {"model": "nascar.track", "pk": 24, "fields": {"date_created": "2024-02-22T23:27:49.162Z", "user": 1, "date_updated": "2024-02-22T23:27:49.162Z", "track_name": "Sonoma Raceway", "owner": "Speedway Motorsports", "track_length": 2.52, "configuration": "Road course", "city": "Sonoma", "state": " California"}}, {"model": "nascar.track", "pk": 25, "fields": {"date_created": "2024-02-22T23:27:49.172Z", "user": 1, "date_updated": "2024-02-22T23:27:49.172Z", "track_name": "Talladega Superspeedway", "owner": "NASCAR", "track_length": 2.66, "configuration": "Tri-oval", "city": "Talladega", "state": " Alabama"}}, {"model": "nascar.track", "pk": 26, "fields": {"date_created": "2024-02-22T23:27:49.176Z", "user": 1, "date_updated": "2024-02-22T23:27:49.176Z", "track_name": "Texas Motor Speedway", "owner": "Speedway Motorsports", "track_length": 1.44, "configuration": "Quad-oval", "city": "Fort Worth", "state": " Texas"}}, {"model": "nascar.track", "pk": 27, "fields": {"date_created": "2024-02-22T23:27:49.192Z", "user": 1, "date_updated": "2024-02-22T23:27:49.192Z", "track_name": "Watkins Glen International", "owner": "NASCAR", "track_length": 2.45, "configuration": "Road course", "city": "Watkins Glen", "state": " New York"}}, {"model": "nascar.track", "pk": 28, "fields": {"date_created": "2024-02-22T23:27:49.197Z", "user": 1, "date_updated": "2024-02-22T23:27:49.197Z", "track_name": "World Wide Technology Raceway", "owner": "Curtis Francois", "track_length": 1.25, "configuration": "Egg-shaped oval", "city": "Madison", "state": " Illinois"}}, {"model": "nascar.manufacturer", "pk": 1, "fields": {"date_created": "2024-02-27T23:36:26.760Z", "user": 1, "date_updated": "2024-02-27T23:36:26.760Z", "manufacturer_name": "Chevrolet"}}, {"model": "nascar.manufacturer", "pk": 2, "fields": {"date_created": "2024-02-28T00:07:26.680Z", "user": 1, "date_updated": "2024-02-28T00:07:26.680Z", "manufacturer_name": "Ford"}}, {"model": "nascar.manufacturer", "pk": 3, "fields": {"date_created": "2024-02-28T00:08:58.277Z", "user": 1, "date_updated": "2024-02-28T00:08:58.277Z", "manufacturer_name": "Toyota"}}, {"model": "nascar.team", "pk": 1, "fields": {"date_created": "2024-02-27T20:23:51.704Z", "user": 1, "date_updated": "2024-02-27T23:40:51.375Z", "team_name": "Hendrick Motorsports", "manufacturer": 1}}, {"model": "nascar.team", "pk": 2, "fields": {"date_created": "2024-02-27T20:34:14.888Z", "user": 1, "date_updated": "2024-02-27T20:34:14.888Z", "team_name": "JTG Daugherty Racing", "manufacturer": 1}}, {"model": "nascar.team", "pk": 3, "fields": {"date_created": "2024-02-27T20:34:37.943Z", "user": 1, "date_updated": "2024-02-27T20:34:37.943Z", "team_name": "Kaulig Racing", "manufacturer": 1}}, {"model": "nascar.team", "pk": 4, "fields": {"date_created": "2024-02-27T20:37:42.433Z", "user": 1, "date_updated": "2024-02-27T20:37:42.433Z", "team_name": "Richard Childress Racing", "manufacturer": 1}}, {"model": "nascar.team", "pk": 5, "fields": {"date_created": "2024-02-27T20:39:19.878Z", "user": 1, "date_updated": "2024-02-28T00:08:25.835Z", "team_name": "Spire Motorsports", "manufacturer": 1}}, {"model": "nascar.team", "pk": 6, "fields": {"date_created": "2024-02-27T20:41:53.197Z", "user": 1, "date_updated": "2024-02-28T00:07:08.673Z", "team_name": "Trackhouse Racing", "manufacturer": 1}}, {"model": "nascar.team", "pk": 7, "fields": {"date_created": "2024-02-27T20:43:12.808Z", "user": 1, "date_updated": "2024-02-28T00:10:32.803Z", "team_name": "Front Row Motorsports", "manufacturer": 2}}, {"model": "nascar.team", "pk": 8, "fields": {"date_created": "2024-02-27T20:46:47.649Z", "user": 1, "date_updated": "2024-02-28T00:08:12.290Z", "team_name": "RFK Racing", "manufacturer": 2}}, {"model": "nascar.team", "pk": 9, "fields": {"date_created": "2024-02-27T20:47:47.487Z", "user": 1, "date_updated": "2024-02-28T00:11:15.803Z", "team_name": "Rick Ware Racing", "manufacturer": 2}}, {"model": "nascar.team", "pk": 10, "fields": {"date_created": "2024-02-27T20:50:09.890Z", "user": 1, "date_updated": "2024-02-28T00:08:35.511Z", "team_name": "Stewart-Haas Racing", "manufacturer": 2}}, {"model": "nascar.team", "pk": 11, "fields": {"date_created": "2024-02-27T20:52:02.722Z", "user": 1, "date_updated": "2024-02-28T00:09:21.346Z", "team_name": "Team Penske", "manufacturer": 2}}, {"model": "nascar.team", "pk": 12, "fields": {"date_created": "2024-02-27T20:54:16.664Z", "user": 1, "date_updated": "2024-02-28T00:10:02.600Z", "team_name": "Wood Brothers Racing", "manufacturer": 2}}, {"model": "nascar.team", "pk": 13, "fields": {"date_created": "2024-02-27T20:54:53.475Z", "user": 1, "date_updated": "2024-02-28T00:10:18.043Z", "team_name": "23XI Racing", "manufacturer": 3}}, {"model": "nascar.team", "pk": 14, "fields": {"date_created": "2024-02-27T20:55:44.986Z", "user": 1, "date_updated": "2024-02-28T00:09:12.096Z", "team_name": "Joe Gibbs Racing", "manufacturer": 3}}, {"model": "nascar.team", "pk": 15, "fields": {"date_created": "2024-02-27T20:56:01.307Z", "user": 1, "date_updated": "2024-02-28T00:10:52.016Z", "team_name": "Legacy Motor Club", "manufacturer": 3}}, {"model": "nascar.team", "pk": 16, "fields": {"date_created": "2024-02-27T21:00:28.339Z", "user": 1, "date_updated": "2024-02-27T21:00:28.339Z", "team_name": "In-Active", "manufacturer": 1}}, {"model": "nascar.team", "pk": 17, "fields": {"date_created": "2024-02-27T21:01:26.292Z", "user": 1, "date_updated": "2024-02-27T21:01:26.292Z", "team_name": "Live Fast Motorsports", "manufacturer": 1}}, {"model": "nascar.driver", "pk": 1, "fields": {"date_created": "2024-02-22T22:56:09.617Z", "user": 1, "date_updated": "2024-02-27T20:42:16.650Z", "name": "Ross Chastain", "car_no": 1, "sponsor": "AdventHealth", "make": "Chevrolet", "team": "TRACKHOUSE RACING TEAM", "team_id": 6, "salary": 12000, "starting_position": null}}, {"model": "nascar.driver", "pk": 2, "fields": {"date_created": "2024-02-22T22:56:09.622Z", "user": 1, "date_updated": "2024-02-27T21:04:46.517Z", "name": "Aric Almirola", "car_no": 10, "sponsor": "Smithfield", "make": "Ford", "team": "Stewart-Haas Racing", "team_id": 16, "salary": 8000, "starting_position": null}}, {"model": "nascar.driver", "pk": 3, "fields": {"date_created": "2024-02-22T22:56:09.629Z", "user": 1, "date_updated": "2024-02-27T20:57:16.388Z", "name": "Denny Hamlin", "car_no": 11, "sponsor": "FedEx", "make": "Toyota", "team": "Joe Gibbs Racing", "team_id": 14, "salary": 11000, "starting_position": null}}, {"model": "nascar.driver", "pk": 4, "fields": {"date_created": "2024-02-22T22:56:09.636Z", "user": 1, "date_updated": "2024-02-27T20:53:07.838Z", "name": "Ryan Blaney", "car_no": 12, "sponsor": "Menards", "make": "Ford", "team": "Team Penske", "team_id": 11, "salary": 12000, "starting_position": null}}, {"model": "nascar.driver", "pk": 5, "fields": {"date_created": "2024-02-22T22:56:09.641Z", "user": 1, "date_updated": "2024-02-27T20:51:17.974Z", "name": "Chase Briscoe", "car_no": 14, "sponsor": "Mahindra Tractors", "make": "Ford", "team": "Stewart-Haas Racing", "team_id": 10, "salary": 10000, "starting_position": null}}, {"model": "nascar.driver", "pk": 6, "fields": {"date_created": "2024-02-22T22:56:09.645Z", "user": 1, "date_updated": "2024-02-27T21:04:10.877Z", "name": "J.J. Yeley", "car_no": 51, "sponsor": "Nurtec", "make": "Ford", "team": "RICK WARE RACING", "team_id": 16, "salary": 3000, "starting_position": null}}, {"model": "nascar.driver", "pk": 7, "fields": {"date_created": "2024-02-22T22:56:09.650Z", "user": 1, "date_updated": "2024-02-27T20:44:04.912Z", "name": "Todd Gilliland", "car_no": 36, "sponsor": "Wellcare", "make": "Ford", "team": "Front Row Motorsports", "team_id": 7, "salary": 8000, "starting_position": null}}, {"model": "nascar.driver", "pk": 8, "fields": {"date_created": "2024-02-22T22:56:09.655Z", "user": 1, "date_updated": "2024-02-27T21:03:37.673Z", "name": "Riley Herbst", "car_no": 15, "sponsor": "Adrenaline Shoc", "make": "Ford", "team": "RICK WARE RACING", "team_id": 16, "salary": 3000, "starting_position": null}}, {"model": "nascar.driver", "pk": 9, "fields": {"date_created": "2024-02-22T22:56:09.660Z", "user": 1, "date_updated": "2024-02-27T20:35:57.800Z", "name": "AJ Allmendinger", "car_no": 16, "sponsor": "Adrenaline Shoc", "make": "Chevrolet", "team": "Kaulig Racing", "team_id": 3, "salary": 6000, "starting_position": null}}, {"model": "nascar.driver", "pk": 10, "fields": {"date_created": "2024-02-22T22:56:09.665Z", "user": 1, "date_updated": "2024-02-27T20:47:23.829Z", "name": "Chris Buescher", "car_no": 17, "sponsor": "Fastenal", "make": "Ford", "team": "RFK Racing", "team_id": 8, "salary": 10000, "starting_position": null}}, {"model": "nascar.driver", "pk": 11, "fields": {"date_created": "2024-02-22T22:56:09.670Z", "user": 1, "date_updated": "2024-02-27T20:57:05.203Z", "name": "Martin Truex Jr.", "car_no": 19, "sponsor": "Bass Pro Shops", "make": "Toyota", "team": "Joe Gibbs Racing", "team_id": 14, "salary": 11000, "starting_position": null}}, {"model": "nascar.driver", "pk": 12, "fields": {"date_created": "2024-02-22T22:56:09.674Z", "user": 1, "date_updated": "2024-02-27T20:52:46.811Z", "name": "Austin Cindric", "car_no": 2, "sponsor": "Discount Tire", "make": "Ford", "team": "Team Penske", "team_id": 11, "salary": 9000, "starting_position": null}}, {"model": "nascar.driver", "pk": 13, "fields": {"date_created": "2024-02-22T22:56:09.679Z", "user": 1, "date_updated": "2024-02-27T20:56:51.274Z", "name": "Christopher Bell", "car_no": 20, "sponsor": "Rheem", "make": "Toyota", "team": "Joe Gibbs Racing", "team_id": 14, "salary": 12000, "starting_position": null}}, {"model": "nascar.driver", "pk": 14, "fields": {"date_created": "2024-02-22T22:56:09.683Z", "user": 1, "date_updated": "2024-02-27T20:54:35.691Z", "name": "Harrison Burton", "car_no": 21, "sponsor": "Motorcraft", "make": "Ford", "team": "Wood Brothers", "team_id": 12, "salary": 7000, "starting_position": null}}, {"model": "nascar.driver", "pk": 15, "fields": {"date_created": "2024-02-22T22:56:09.688Z", "user": 1, "date_updated": "2024-02-27T20:53:27.320Z", "name": "Joey Logano", "car_no": 22, "sponsor": "Shell-Pennzoil", "make": "Ford", "team": "Team Penske", "team_id": 11, "salary": 11000, "starting_position": null}}, {"model": "nascar.driver", "pk": 16, "fields": {"date_created": "2024-02-22T22:56:09.692Z", "user": 1, "date_updated": "2024-02-27T20:55:11.369Z", "name": "Bubba Wallace", "car_no": 23, "sponsor": "McDonalds", "make": "Toyota", "team": "23XI Racing", "team_id": 13, "salary": 9000, "starting_position": null}}, {"model": "nascar.driver", "pk": 17, "fields": {"date_created": "2024-02-22T22:56:09.697Z", "user": 1, "date_updated": "2024-02-22T22:56:09.697Z", "name": "William Byron", "car_no": 24, "sponsor": "Axalta", "make": "Chevrolet", "team": "Hendrick Motorsports", "team_id": 1, "salary": 11000, "starting_position": null}}, {"model": "nascar.driver", "pk": 18, "fields": {"date_created": "2024-02-22T22:56:09.702Z", "user": 1, "date_updated": "2024-02-27T20:38:02.679Z", "name": "Austin Dillon", "car_no": 3, "sponsor": "Bass Pro Shops", "make": "Chevrolet", "team": "Richard Childress Racing", "team_id": 4, "salary": 9000, "starting_position": null}}, {"model": "nascar.driver", "pk": 19, "fields": {"date_created": "2024-02-22T22:56:09.706Z", "user": 1, "date_updated": "2024-02-27T20:49:49.069Z", "name": "Justin Haley", "car_no": 31, "sponsor": "LeafFilter Gutter Protection", "make": "Chevrolet", "team": "Kaulig Racing", "team_id": 9, "salary": 9000, "starting_position": null}}, {"model": "nascar.driver", "pk": 20, "fields": {"date_created": "2024-02-22T22:56:09.710Z", "user": 1, "date_updated": "2024-02-27T20:43:48.056Z", "name": "Michael McDowell", "car_no": 34, "sponsor": "Love's Travel Stops", "make": "Ford", "team": "Front Row Motorsports", "team_id": 7, "salary": 10000, "starting_position": null}}, {"model": "nascar.driver", "pk": 21, "fields": {"date_created": "2024-02-22T22:56:09.716Z", "user": 1, "date_updated": "2024-02-27T20:40:24.403Z", "name": "Zane Smith", "car_no": 71, "sponsor": null, "make": null, "team": "Front Row Motorsports", "team_id": 5, "salary": 3000, "starting_position": null}}, {"model": "nascar.driver", "pk": 22, "fields": {"date_created": "2024-02-22T22:56:09.720Z", "user": 1, "date_updated": "2024-02-27T21:04:54.553Z", "name": "Kevin Harvick", "car_no": 4, "sponsor": "GEARWRENCH", "make": "Ford", "team": "Stewart-Haas Racing", "team_id": 16, "salary": 11000, "starting_position": null}}, {"model": "nascar.driver", "pk": 23, "fields": {"date_created": "2024-02-22T22:56:09.725Z", "user": 1, "date_updated": "2024-02-27T20:51:33.377Z", "name": "Ryan Preece", "car_no": 41, "sponsor": "Haas Automation", "make": "Ford", "team": "Stewart-Haas Racing", "team_id": 10, "salary": 3000, "starting_position": null}}, {"model": "nascar.driver", "pk": 24, "fields": {"date_created": "2024-02-22T22:56:09.729Z", "user": 1, "date_updated": "2024-02-27T20:51:02.989Z", "name": "Noah Gragson", "car_no": 42, "sponsor": "Black Rifle Coffee", "make": "Chevrolet", "team": "Legacy Motor Club", "team_id": 10, "salary": 5000, "starting_position": null}}, {"model": "nascar.driver", "pk": 25, "fields": {"date_created": "2024-02-22T22:56:09.734Z", "user": 1, "date_updated": "2024-02-27T20:58:19.268Z", "name": "Erik Jones", "car_no": 43, "sponsor": "Focus Factor", "make": "Chevrolet", "team": "Legacy Motor Club", "team_id": 15, "salary": 9000, "starting_position": null}}, {"model": "nascar.driver", "pk": 26, "fields": {"date_created": "2024-02-22T22:56:09.738Z", "user": 1, "date_updated": "2024-02-27T20:55:24.140Z", "name": "Tyler Reddick", "car_no": 45, "sponsor": "Monster Energy", "make": "Toyota", "team": "23XI Racing", "team_id": 13, "salary": 11000, "starting_position": null}}, {"model": "nascar.driver", "pk": 27, "fields": {"date_created": "2024-02-22T22:56:09.744Z", "user": 1, "date_updated": "2024-02-27T20:35:38.504Z", "name": "Ricky Stenhouse Jr.", "car_no": 47, "sponsor": "Kroger", "make": "Chevrolet", "team": "JTG Daugherty Racing", "team_id": 2, "salary": 10000, "starting_position": null}}, {"model": "nascar.driver", "pk": 28, "fields": {"date_created": "2024-02-22T22:56:09.749Z", "user": 1, "date_updated": "2024-02-27T20:33:27.902Z", "name": "Alex Bowman", "car_no": 48, "sponsor": "Ally", "make": "Chevrolet", "team": "Hendrick Motorsports", "team_id": 1, "salary": 11000, "starting_position": null}}, {"model": "nascar.driver", "pk": 29, "fields": {"date_created": "2024-02-22T22:56:09.753Z", "user": 1, "date_updated": "2024-02-22T22:56:09.753Z", "name": "Kyle Larson", "car_no": 5, "sponsor": "HendrickCars.com", "make": "Chevrolet", "team": "Hendrick Motorsports", "team_id": 1, "salary": 11000, "starting_position": null}}, {"model": "nascar.driver", "pk": 30, "fields": {"date_created": "2024-02-22T22:56:09.759Z", "user": 1, "date_updated": "2024-02-27T21:02:58.239Z", "name": "Conor Daly", "car_no": 50, "sponsor": "Dent Wizard", "make": "Chevrolet", "team": null, "team_id": 16, "salary": 3000, "starting_position": null}}, {"model": "nascar.driver", "pk": 31, "fields": {"date_created": "2024-02-22T22:56:09.763Z", "user": 1, "date_updated": "2024-02-27T20:48:22.485Z", "name": "Cody Ware", "car_no": 51, "sponsor": "Nurtec", "make": "Ford", "team": "RICK WARE RACING", "team_id": 9, "salary": 5000, "starting_position": null}}, {"model": "nascar.driver", "pk": 32, "fields": {"date_created": "2024-02-22T22:56:09.767Z", "user": 1, "date_updated": "2024-02-27T20:57:33.370Z", "name": "Ty Gibbs", "car_no": 54, "sponsor": "Monster Energy", "make": "Toyota", "team": "Joe Gibbs Racing", "team_id": 14, "salary": 6000, "starting_position": null}}, {"model": "nascar.driver", "pk": 33, "fields": {"date_created": "2024-02-22T22:56:09.771Z", "user": 1, "date_updated": "2024-02-27T20:47:07.261Z", "name": "Brad Keselowski", "car_no": 6, "sponsor": "Kohler Power Reserve", "make": "Ford", "team": "RFK Racing", "team_id": 8, "salary": 10000, "starting_position": null}}, {"model": "nascar.driver", "pk": 34, "fields": {"date_created": "2024-02-22T22:56:09.776Z", "user": 1, "date_updated": "2024-02-27T21:04:28.097Z", "name": "Austin Hill", "car_no": 62, "sponsor": "Dent Wizard", "make": "Chevrolet", "team": null, "team_id": 16, "salary": 3000, "starting_position": null}}, {"model": "nascar.driver", "pk": 35, "fields": {"date_created": "2024-02-22T22:56:09.781Z", "user": 1, "date_updated": "2024-02-27T21:03:52.914Z", "name": "Travis Pastrana", "car_no": 67, "sponsor": null, "make": null, "team": null, "team_id": 16, "salary": 3000, "starting_position": null}}, {"model": "nascar.driver", "pk": 36, "fields": {"date_created": "2024-02-22T22:56:09.785Z", "user": 1, "date_updated": "2024-02-27T20:39:38.497Z", "name": "Corey LaJoie", "car_no": 7, "sponsor": "Built Bar", "make": "Chevrolet", "team": "Spire Motorsports", "team_id": 5, "salary": 8000, "starting_position": null}}, {"model": "nascar.driver", "pk": 37, "fields": {"date_created": "2024-02-22T22:56:09.792Z", "user": 1, "date_updated": "2024-02-27T21:00:51.568Z", "name": "Ty Dillon", "car_no": 77, "sponsor": "Smithfield", "make": "Chevrolet", "team": "Spire Motorsports", "team_id": 16, "salary": 6000, "starting_position": null}}, {"model": "nascar.driver", "pk": 38, "fields": {"date_created": "2024-02-22T22:56:09.798Z", "user": 1, "date_updated": "2024-02-27T21:01:37.141Z", "name": "B.J. McLeod", "car_no": 78, "sponsor": "Power Slap Rumble", "make": "Ford", "team": "Live Fast Motorsports", "team_id": 17, "salary": 4000, "starting_position": null}}, {"model": "nascar.driver", "pk": 39, "fields": {"date_created": "2024-02-22T22:56:09.802Z", "user": 1, "date_updated": "2024-02-27T20:38:43.342Z", "name": "Kyle Busch", "car_no": 8, "sponsor": "Netspend", "make": "Chevrolet", "team": "Richard Childress Racing", "team_id": 4, "salary": 12000, "starting_position": null}}, {"model": "nascar.driver", "pk": 40, "fields": {"date_created": "2024-02-22T22:56:09.809Z", "user": 1, "date_updated": "2024-02-27T20:35:07.387Z", "name": "Chase Elliott", "car_no": 9, "sponsor": "NAPA Auto Parts", "make": "Chevrolet", "team": "Hendrick Motorsports", "team_id": 1, "salary": 8000, "starting_position": null}}, {"model": "nascar.driver", "pk": 41, "fields": {"date_created": "2024-02-22T22:56:09.813Z", "user": 1, "date_updated": "2024-02-27T20:59:33.829Z", "name": "Jimmie Johnson", "car_no": 84, "sponsor": "Carvana", "make": "Chevrolet", "team": "Legacy Motor Club", "team_id": 15, "salary": 3000, "starting_position": null}}, {"model": "nascar.driver", "pk": 42, "fields": {"date_created": "2024-02-22T22:56:09.818Z", "user": 1, "date_updated": "2024-02-27T20:50:36.334Z", "name": "Josh Berry", "car_no": 9, "sponsor": "NAPA Auto Parts", "make": "Chevrolet", "team": "Hendrick Motorsports", "team_id": 10, "salary": 3000, "starting_position": null}}, {"model": "nascar.driver", "pk": 43, "fields": {"date_created": "2024-02-22T22:56:09.824Z", "user": 1, "date_updated": "2024-02-27T20:42:37.816Z", "name": "Daniel Suarez", "car_no": 99, "sponsor": "3CHI", "make": "Chevrolet", "team": "TRACKHOUSE RACING TEAM", "team_id": 6, "salary": 10000, "starting_position": null}}, {"model": "nascar.driver", "pk": 44, "fields": {"date_created": "2024-02-23T18:32:53.869Z", "user": 1, "date_updated": "2024-02-27T21:03:14.046Z", "name": "N/A", "car_no": null, "sponsor": null, "make": null, "team": null, "team_id": 16, "salary": null, "starting_position": null}}, {"model": "nascar.driver", "pk": 45, "fields": {"date_created": "2024-02-27T20:37:01.946Z", "user": 1, "date_updated": "2024-02-27T20:37:01.946Z", "name": "Daniel Hemric", "car_no": 31, "sponsor": null, "make": null, "team": null, "team_id": 3, "salary": null, "starting_position": null}}, {"model": "nascar.driver", "pk": 46, "fields": {"date_created": "2024-02-27T20:41:26.301Z", "user": 1, "date_updated": "2024-02-27T20:41:26.301Z", "name": "Carson Hocevar", "car_no": 77, "sponsor": null, "make": "Chevrolet", "team": null, "team_id": 5, "salary": null, "starting_position": null}}, {"model": "nascar.driver", "pk": 47, "fields": {"date_created": "2024-02-27T20:49:22.146Z", "user": 1, "date_updated": "2024-02-27T20:49:22.146Z", "name": "Kaz Grala", "car_no": 36, "sponsor": null, "make": "Ford Mustang", "team": null, "team_id": 9, "salary": null, "starting_position": null}}, {"model": "nascar.driver", "pk": 48, "fields": {"date_created": "2024-02-27T20:59:07.093Z", "user": 1, "date_updated": "2024-02-27T20:59:07.093Z", "name": "John Hunter Nemechek", "car_no": 42, "sponsor": null, "make": "Toyota", "team": null, "team_id": 15, "salary": null, "starting_position": null}}, {"model": "admin.logentry", "pk": 1, "fields": {"action_time": "2024-02-23T15:49:51.981Z", "user": 1, "content_type": 4, "object_id": "1", "object_repr": "Player object (1)", "action_flag": 1, "change_message": "[{\"added\": {}}]"}}, {"model": "admin.logentry", "pk": 2, "fields": {"action_time": "2024-02-23T15:50:20.442Z", "user": 1, "content_type": 4, "object_id": "2", "object_repr": "Player object (2)", "action_flag": 1, "change_message": "[{\"added\": {}}]"}}, {"model": "admin.logentry", "pk": 3, "fields": {"action_time": "2024-02-23T15:59:34.321Z", "user": 1, "content_type": 2, "object_id": "1", "object_repr": "Daytona 500", "action_flag": 1, "change_message": "[{\"added\": {}}]"}}, {"model": "admin.logentry", "pk": 4, "fields": {"action_time": "2024-02-23T15:59:58.041Z", "user": 1, "content_type": 5, "object_id": "1", "object_repr": "Bet object (1)", "action_flag": 1, "change_message": "[{\"added\": {}}]"}}, {"model": "admin.logentry", "pk": 5, "fields": {"action_time": "2024-02-23T16:00:21.816Z", "user": 1, "content_type": 5, "object_id": "2", "object_repr": "Bet object (2)", "action_flag": 1, "change_message": "[{\"added\": {}}]"}}, {"model": "admin.logentry", "pk": 6, "fields": {"action_time": "2024-02-23T16:47:26.067Z", "user": 1, "content_type": 5, "object_id": "2", "object_repr": "Bet object (2)", "action_flag": 2, "change_message": "[{\"changed\": {\"fields\": [\"Finish\"]}}]"}}, {"model": "admin.logentry", "pk": 7, "fields": {"action_time": "2024-02-23T16:47:32.113Z", "user": 1, "content_type": 5, "object_id": "1", "object_repr": "Bet object (1)", "action_flag": 2, "change_message": "[{\"changed\": {\"fields\": [\"Finish\"]}}]"}}, {"model": "admin.logentry", "pk": 8, "fields": {"action_time": "2024-02-23T17:43:34.877Z", "user": 1, "content_type": 5, "object_id": "1", "object_repr": "Bet object (1)", "action_flag": 2, "change_message": "[{\"changed\": {\"fields\": [\"First pick\"]}}]"}}, {"model": "admin.logentry", "pk": 9, "fields": {"action_time": "2024-02-23T17:52:43.448Z", "user": 1, "content_type": 2, "object_id": "2", "object_repr": "Ambetter Health 400", "action_flag": 1, "change_message": "[{\"added\": {}}]"}}, {"model": "admin.logentry", "pk": 10, "fields": {"action_time": "2024-02-23T17:53:16.085Z", "user": 1, "content_type": 5, "object_id": "3", "object_repr": "Bet object (3)", "action_flag": 1, "change_message": "[{\"added\": {}}]"}}, {"model": "admin.logentry", "pk": 11, "fields": {"action_time": "2024-02-23T17:53:24.797Z", "user": 1, "content_type": 5, "object_id": "4", "object_repr": "Bet object (4)", "action_flag": 1, "change_message": "[{\"added\": {}}]"}}, {"model": "admin.logentry", "pk": 12, "fields": {"action_time": "2024-02-23T18:13:04.029Z", "user": 1, "content_type": 5, "object_id": "4", "object_repr": "Bet object (4)", "action_flag": 2, "change_message": "[{\"changed\": {\"fields\": [\"Player\"]}}]"}}, {"model": "admin.logentry", "pk": 13, "fields": {"action_time": "2024-02-23T18:13:15.945Z", "user": 1, "content_type": 5, "object_id": "4", "object_repr": "Bet object (4)", "action_flag": 2, "change_message": "[{\"changed\": {\"fields\": [\"First pick\"]}}]"}}, {"model": "admin.logentry", "pk": 14, "fields": {"action_time": "2024-02-23T18:14:28.862Z", "user": 1, "content_type": 5, "object_id": "3", "object_repr": "Bet object (3)", "action_flag": 2, "change_message": "[{\"changed\": {\"fields\": [\"Driver\"]}}]"}}, {"model": "admin.logentry", "pk": 15, "fields": {"action_time": "2024-02-23T18:31:13.246Z", "user": 1, "content_type": 5, "object_id": "3", "object_repr": "Bet object (3)", "action_flag": 2, "change_message": "[]"}}, {"model": "admin.logentry", "pk": 16, "fields": {"action_time": "2024-02-23T18:31:22.897Z", "user": 1, "content_type": 5, "object_id": "4", "object_repr": "Bet object (4)", "action_flag": 2, "change_message": "[{\"changed\": {\"fields\": [\"Track\"]}}]"}}, {"model": "admin.logentry", "pk": 17, "fields": {"action_time": "2024-02-23T18:31:29.825Z", "user": 1, "content_type": 5, "object_id": "3", "object_repr": "Bet object (3)", "action_flag": 2, "change_message": "[{\"changed\": {\"fields\": [\"Track\"]}}]"}}, {"model": "admin.logentry", "pk": 18, "fields": {"action_time": "2024-02-23T18:31:37.402Z", "user": 1, "content_type": 5, "object_id": "2", "object_repr": "Bet object (2)", "action_flag": 2, "change_message": "[]"}}, {"model": "admin.logentry", "pk": 19, "fields": {"action_time": "2024-02-23T18:31:48.041Z", "user": 1, "content_type": 5, "object_id": "2", "object_repr": "Bet object (2)", "action_flag": 2, "change_message": "[{\"changed\": {\"fields\": [\"Track\"]}}]"}}, {"model": "admin.logentry", "pk": 20, "fields": {"action_time": "2024-02-23T18:31:57.717Z", "user": 1, "content_type": 5, "object_id": "1", "object_repr": "Bet object (1)", "action_flag": 2, "change_message": "[{\"changed\": {\"fields\": [\"Track\"]}}]"}}, {"model": "admin.logentry", "pk": 21, "fields": {"action_time": "2024-02-23T18:32:53.870Z", "user": 1, "content_type": 1, "object_id": "44", "object_repr": "***************", "action_flag": 1, "change_message": "[{\"added\": {}}]"}}, {"model": "admin.logentry", "pk": 22, "fields": {"action_time": "2024-02-23T18:33:20.540Z", "user": 1, "content_type": 5, "object_id": "4", "object_repr": "Bet object (4)", "action_flag": 2, "change_message": "[{\"changed\": {\"fields\": [\"Driver\"]}}]"}}, {"model": "admin.logentry", "pk": 23, "fields": {"action_time": "2024-02-23T18:33:31.625Z", "user": 1, "content_type": 5, "object_id": "3", "object_repr": "Bet object (3)", "action_flag": 2, "change_message": "[{\"changed\": {\"fields\": [\"Driver\"]}}]"}}, {"model": "admin.logentry", "pk": 24, "fields": {"action_time": "2024-02-24T00:33:50.148Z", "user": 1, "content_type": 2, "object_id": "3", "object_repr": "Pennzoil 400", "action_flag": 1, "change_message": "[{\"added\": {}}]"}}, {"model": "admin.logentry", "pk": 25, "fields": {"action_time": "2024-02-24T00:35:15.821Z", "user": 1, "content_type": 5, "object_id": "5", "object_repr": "Bet object (5)", "action_flag": 1, "change_message": "[{\"added\": {}}]"}}, {"model": "admin.logentry", "pk": 26, "fields": {"action_time": "2024-02-24T00:36:10.772Z", "user": 1, "content_type": 5, "object_id": "6", "object_repr": "Bet object (6)", "action_flag": 1, "change_message": "[{\"added\": {}}]"}}, {"model": "admin.logentry", "pk": 27, "fields": {"action_time": "2024-02-24T16:23:59.209Z", "user": 1, "content_type": 5, "object_id": "6", "object_repr": "Bet object (6)", "action_flag": 2, "change_message": "[]"}}, {"model": "admin.logentry", "pk": 28, "fields": {"action_time": "2024-02-24T16:24:18.279Z", "user": 1, "content_type": 5, "object_id": "6", "object_repr": "Bet object (6)", "action_flag": 2, "change_message": "[]"}}, {"model": "admin.logentry", "pk": 29, "fields": {"action_time": "2024-02-24T16:31:10.295Z", "user": 1, "content_type": 2, "object_id": "3", "object_repr": "Pennzoil 400", "action_flag": 2, "change_message": "[{\"changed\": {\"fields\": [\"Track\"]}}]"}}, {"model": "admin.logentry", "pk": 30, "fields": {"action_time": "2024-02-24T16:32:03.822Z", "user": 1, "content_type": 2, "object_id": "3", "object_repr": "Pennzoil 400", "action_flag": 2, "change_message": "[{\"changed\": {\"fields\": [\"Track name\"]}}]"}}, {"model": "admin.logentry", "pk": 31, "fields": {"action_time": "2024-02-24T16:40:53.792Z", "user": 1, "content_type": 5, "object_id": "4", "object_repr": "Bet object (4)", "action_flag": 2, "change_message": "[{\"changed\": {\"fields\": [\"Race\"]}}]"}}, {"model": "admin.logentry", "pk": 32, "fields": {"action_time": "2024-02-24T16:41:38.717Z", "user": 1, "content_type": 2, "object_id": "1", "object_repr": "Daytona 500", "action_flag": 2, "change_message": "[{\"changed\": {\"fields\": [\"Track\"]}}]"}}, {"model": "admin.logentry", "pk": 33, "fields": {"action_time": "2024-02-24T16:44:12.268Z", "user": 1, "content_type": 2, "object_id": "2", "object_repr": "Ambetter Health 400", "action_flag": 2, "change_message": "[{\"changed\": {\"fields\": [\"Track\"]}}]"}}, {"model": "admin.logentry", "pk": 34, "fields": {"action_time": "2024-02-24T16:45:17.871Z", "user": 1, "content_type": 5, "object_id": "4", "object_repr": "Bet object (4)", "action_flag": 2, "change_message": "[{\"changed\": {\"fields\": [\"Race\"]}}]"}}, {"model": "admin.logentry", "pk": 35, "fields": {"action_time": "2024-02-24T16:46:04.902Z", "user": 1, "content_type": 1, "object_id": "44", "object_repr": "N/A", "action_flag": 2, "change_message": "[{\"changed\": {\"fields\": [\"Name\"]}}]"}}, {"model": "admin.logentry", "pk": 36, "fields": {"action_time": "2024-02-25T00:47:17.159Z", "user": 1, "content_type": 2, "object_id": "2", "object_repr": "Ambetter Health 400", "action_flag": 2, "change_message": "[{\"changed\": {\"fields\": [\"Race time\", \"Tv radio\"]}}]"}}, {"model": "admin.logentry", "pk": 37, "fields": {"action_time": "2024-02-25T00:50:04.619Z", "user": 1, "content_type": 2, "object_id": "1", "object_repr": "Daytona 500", "action_flag": 2, "change_message": "[{\"changed\": {\"fields\": [\"Tv radio\"]}}]"}}, {"model": "admin.logentry", "pk": 38, "fields": {"action_time": "2024-02-25T00:50:48.294Z", "user": 1, "content_type": 2, "object_id": "3", "object_repr": "Pennzoil 400", "action_flag": 2, "change_message": "[{\"changed\": {\"fields\": [\"Race time\", \"Tv radio\"]}}]"}}, {"model": "admin.logentry", "pk": 39, "fields": {"action_time": "2024-02-25T00:52:04.913Z", "user": 1, "content_type": 2, "object_id": "4", "object_repr": "Shriners Children's 500", "action_flag": 1, "change_message": "[{\"added\": {}}]"}}, {"model": "admin.logentry", "pk": 40, "fields": {"action_time": "2024-02-25T13:55:27.680Z", "user": 1, "content_type": 5, "object_id": "6", "object_repr": "Bet object (6)", "action_flag": 2, "change_message": "[{\"changed\": {\"fields\": [\"Driver\"]}}]"}}, {"model": "admin.logentry", "pk": 41, "fields": {"action_time": "2024-02-25T14:00:55.531Z", "user": 1, "content_type": 5, "object_id": "6", "object_repr": "Bet object (6)", "action_flag": 2, "change_message": "[{\"changed\": {\"fields\": [\"Driver\"]}}]"}}, {"model": "admin.logentry", "pk": 42, "fields": {"action_time": "2024-02-25T14:01:10.328Z", "user": 1, "content_type": 5, "object_id": "3", "object_repr": "Bet object (3)", "action_flag": 2, "change_message": "[{\"changed\": {\"fields\": [\"Driver\"]}}]"}}, {"model": "admin.logentry", "pk": 43, "fields": {"action_time": "2024-02-25T14:05:22.900Z", "user": 1, "content_type": 5, "object_id": "4", "object_repr": "Bet object (4)", "action_flag": 2, "change_message": "[{\"changed\": {\"fields\": [\"Driver\"]}}]"}}, {"model": "admin.logentry", "pk": 44, "fields": {"action_time": "2024-02-25T14:09:12.360Z", "user": 1, "content_type": 2, "object_id": "5", "object_repr": "NASCAR Cup Series at Atlanta", "action_flag": 1, "change_message": "[{\"added\": {}}]"}}, {"model": "admin.logentry", "pk": 45, "fields": {"action_time": "2024-02-25T15:22:12.573Z", "user": 1, "content_type": 5, "object_id": "4", "object_repr": "Bet object (4)", "action_flag": 2, "change_message": "[{\"changed\": {\"fields\": [\"First pick\"]}}]"}}, {"model": "admin.logentry", "pk": 46, "fields": {"action_time": "2024-02-25T15:24:33.714Z", "user": 1, "content_type": 5, "object_id": "7", "object_repr": "Bet object (7)", "action_flag": 1, "change_message": "[{\"added\": {}}]"}}, {"model": "admin.logentry", "pk": 47, "fields": {"action_time": "2024-02-26T00:25:30.174Z", "user": 1, "content_type": 5, "object_id": "3", "object_repr": "Bet object (3)", "action_flag": 2, "change_message": "[{\"changed\": {\"fields\": [\"Finish\"]}}]"}}, {"model": "admin.logentry", "pk": 48, "fields": {"action_time": "2024-02-26T00:25:43.260Z", "user": 1, "content_type": 5, "object_id": "4", "object_repr": "Bet object (4)", "action_flag": 2, "change_message": "[{\"changed\": {\"fields\": [\"Finish\"]}}]"}}, {"model": "admin.logentry", "pk": 49, "fields": {"action_time": "2024-02-26T20:37:40.618Z", "user": 1, "content_type": 2, "object_id": "6", "object_repr": "NASCAR Cup Series at Bristol", "action_flag": 1, "change_message": "[{\"added\": {}}]"}}, {"model": "admin.logentry", "pk": 50, "fields": {"action_time": "2024-02-26T20:38:41.781Z", "user": 1, "content_type": 2, "object_id": "7", "object_repr": "NASCAR Cup Series at Circuit of the Americas", "action_flag": 1, "change_message": "[{\"added\": {}}]"}}, {"model": "admin.logentry", "pk": 51, "fields": {"action_time": "2024-02-26T20:39:59.782Z", "user": 1, "content_type": 2, "object_id": "8", "object_repr": "NASCAR Cup Series at Richmond", "action_flag": 1, "change_message": "[{\"added\": {}}]"}}, {"model": "admin.logentry", "pk": 52, "fields": {"action_time": "2024-02-26T20:41:05.101Z", "user": 1, "content_type": 2, "object_id": "9", "object_repr": "NASCAR Cup Series at Martinsville", "action_flag": 1, "change_message": "[{\"added\": {}}]"}}, {"model": "admin.logentry", "pk": 53, "fields": {"action_time": "2024-02-26T20:42:38.342Z", "user": 1, "content_type": 2, "object_id": "10", "object_repr": "NASCAR Cup Series at Texas", "action_flag": 1, "change_message": "[{\"added\": {}}]"}}, {"model": "admin.logentry", "pk": 54, "fields": {"action_time": "2024-02-27T19:13:00.665Z", "user": 1, "content_type": 2, "object_id": "11", "object_repr": "PENNZOIL 400 PRESENTED BY JIFFY LUBE", "action_flag": 1, "change_message": "[{\"added\": {}}]"}}, {"model": "admin.logentry", "pk": 55, "fields": {"action_time": "2024-02-27T19:22:36.669Z", "user": 1, "content_type": 2, "object_id": "12", "object_repr": "EchoPark Automotive Grand Prix", "action_flag": 1, "change_message": "[{\"added\": {}}]"}}, {"model": "admin.logentry", "pk": 56, "fields": {"action_time": "2024-02-27T19:30:42.201Z", "user": 1, "content_type": 2, "object_id": "13", "object_repr": "Pennzoil 400", "action_flag": 1, "change_message": "[{\"added\": {}}]"}}, {"model": "admin.logentry", "pk": 57, "fields": {"action_time": "2024-02-27T20:23:51.704Z", "user": 1, "content_type": 13, "object_id": "1", "object_repr": "Team object (1)", "action_flag": 1, "change_message": "[{\"added\": {}}]"}}, {"model": "admin.logentry", "pk": 58, "fields": {"action_time": "2024-02-27T20:33:27.904Z", "user": 1, "content_type": 1, "object_id": "28", "object_repr": "Alex Bowman", "action_flag": 2, "change_message": "[]"}}, {"model": "admin.logentry", "pk": 59, "fields": {"action_time": "2024-02-27T20:34:14.888Z", "user": 1, "content_type": 13, "object_id": "2", "object_repr": "JTG Daugherty Racing", "action_flag": 1, "change_message": "[{\"added\": {}}]"}}, {"model": "admin.logentry", "pk": 60, "fields": {"action_time": "2024-02-27T20:34:37.943Z", "user": 1, "content_type": 13, "object_id": "3", "object_repr": "Kaulig Racing", "action_flag": 1, "change_message": "[{\"added\": {}}]"}}, {"model": "admin.logentry", "pk": 61, "fields": {"action_time": "2024-02-27T20:35:07.388Z", "user": 1, "content_type": 1, "object_id": "40", "object_repr": "Chase Elliott", "action_flag": 2, "change_message": "[]"}}, {"model": "admin.logentry", "pk": 62, "fields": {"action_time": "2024-02-27T20:35:38.505Z", "user": 1, "content_type": 1, "object_id": "27", "object_repr": "Ricky Stenhouse Jr.", "action_flag": 2, "change_message": "[{\"changed\": {\"fields\": [\"Team id\"]}}]"}}, {"model": "admin.logentry", "pk": 63, "fields": {"action_time": "2024-02-27T20:35:57.800Z", "user": 1, "content_type": 1, "object_id": "9", "object_repr": "AJ Allmendinger", "action_flag": 2, "change_message": "[{\"changed\": {\"fields\": [\"Team id\"]}}]"}}, {"model": "admin.logentry", "pk": 64, "fields": {"action_time": "2024-02-27T20:37:01.947Z", "user": 1, "content_type": 1, "object_id": "45", "object_repr": "Daniel Hemric", "action_flag": 1, "change_message": "[{\"added\": {}}]"}}, {"model": "admin.logentry", "pk": 65, "fields": {"action_time": "2024-02-27T20:37:42.433Z", "user": 1, "content_type": 13, "object_id": "4", "object_repr": "Richard Childress Racing", "action_flag": 1, "change_message": "[{\"added\": {}}]"}}, {"model": "admin.logentry", "pk": 66, "fields": {"action_time": "2024-02-27T20:38:02.681Z", "user": 1, "content_type": 1, "object_id": "18", "object_repr": "Austin Dillon", "action_flag": 2, "change_message": "[{\"changed\": {\"fields\": [\"Team id\"]}}]"}}, {"model": "admin.logentry", "pk": 67, "fields": {"action_time": "2024-02-27T20:38:43.344Z", "user": 1, "content_type": 1, "object_id": "39", "object_repr": "Kyle Busch", "action_flag": 2, "change_message": "[{\"changed\": {\"fields\": [\"Team id\"]}}]"}}, {"model": "admin.logentry", "pk": 68, "fields": {"action_time": "2024-02-27T20:39:19.879Z", "user": 1, "content_type": 13, "object_id": "5", "object_repr": "Spire Motorsports", "action_flag": 1, "change_message": "[{\"added\": {}}]"}}, {"model": "admin.logentry", "pk": 69, "fields": {"action_time": "2024-02-27T20:39:38.498Z", "user": 1, "content_type": 1, "object_id": "36", "object_repr": "Corey LaJoie", "action_flag": 2, "change_message": "[{\"changed\": {\"fields\": [\"Team id\"]}}]"}}, {"model": "admin.logentry", "pk": 70, "fields": {"action_time": "2024-02-27T20:40:24.404Z", "user": 1, "content_type": 1, "object_id": "21", "object_repr": "Zane Smith", "action_flag": 2, "change_message": "[{\"changed\": {\"fields\": [\"Car no\", \"Sponsor\", \"Make\", \"Team id\"]}}]"}}, {"model": "admin.logentry", "pk": 71, "fields": {"action_time": "2024-02-27T20:41:26.301Z", "user": 1, "content_type": 1, "object_id": "46", "object_repr": "Carson Hocevar", "action_flag": 1, "change_message": "[{\"added\": {}}]"}}, {"model": "admin.logentry", "pk": 72, "fields": {"action_time": "2024-02-27T20:41:53.198Z", "user": 1, "content_type": 13, "object_id": "6", "object_repr": "Trackhouse Racing", "action_flag": 1, "change_message": "[{\"added\": {}}]"}}, {"model": "admin.logentry", "pk": 73, "fields": {"action_time": "2024-02-27T20:42:16.651Z", "user": 1, "content_type": 1, "object_id": "1", "object_repr": "Ross Chastain", "action_flag": 2, "change_message": "[{\"changed\": {\"fields\": [\"Team id\"]}}]"}}, {"model": "admin.logentry", "pk": 74, "fields": {"action_time": "2024-02-27T20:42:37.816Z", "user": 1, "content_type": 1, "object_id": "43", "object_repr": "Daniel Suarez", "action_flag": 2, "change_message": "[{\"changed\": {\"fields\": [\"Team id\"]}}]"}}, {"model": "admin.logentry", "pk": 75, "fields": {"action_time": "2024-02-27T20:43:12.809Z", "user": 1, "content_type": 13, "object_id": "7", "object_repr": "Front Row Motorsports", "action_flag": 1, "change_message": "[{\"added\": {}}]"}}, {"model": "admin.logentry", "pk": 76, "fields": {"action_time": "2024-02-27T20:43:48.057Z", "user": 1, "content_type": 1, "object_id": "20", "object_repr": "Michael McDowell", "action_flag": 2, "change_message": "[{\"changed\": {\"fields\": [\"Team id\"]}}]"}}, {"model": "admin.logentry", "pk": 77, "fields": {"action_time": "2024-02-27T20:44:04.913Z", "user": 1, "content_type": 1, "object_id": "7", "object_repr": "Todd Gilliland", "action_flag": 2, "change_message": "[{\"changed\": {\"fields\": [\"Team id\"]}}]"}}, {"model": "admin.logentry", "pk": 78, "fields": {"action_time": "2024-02-27T20:46:47.650Z", "user": 1, "content_type": 13, "object_id": "8", "object_repr": "RFK Racing", "action_flag": 1, "change_message": "[{\"added\": {}}]"}}, {"model": "admin.logentry", "pk": 79, "fields": {"action_time": "2024-02-27T20:47:07.262Z", "user": 1, "content_type": 1, "object_id": "33", "object_repr": "Brad Keselowski", "action_flag": 2, "change_message": "[{\"changed\": {\"fields\": [\"Team id\"]}}]"}}, {"model": "admin.logentry", "pk": 80, "fields": {"action_time": "2024-02-27T20:47:23.830Z", "user": 1, "content_type": 1, "object_id": "10", "object_repr": "Chris Buescher", "action_flag": 2, "change_message": "[{\"changed\": {\"fields\": [\"Team id\"]}}]"}}, {"model": "admin.logentry", "pk": 81, "fields": {"action_time": "2024-02-27T20:47:47.487Z", "user": 1, "content_type": 13, "object_id": "9", "object_repr": "Rick Ware Racing", "action_flag": 1, "change_message": "[{\"added\": {}}]"}}, {"model": "admin.logentry", "pk": 82, "fields": {"action_time": "2024-02-27T20:48:22.486Z", "user": 1, "content_type": 1, "object_id": "31", "object_repr": "Cody Ware", "action_flag": 2, "change_message": "[{\"changed\": {\"fields\": [\"Team id\"]}}]"}}, {"model": "admin.logentry", "pk": 83, "fields": {"action_time": "2024-02-27T20:49:22.147Z", "user": 1, "content_type": 1, "object_id": "47", "object_repr": "Kaz Grala", "action_flag": 1, "change_message": "[{\"added\": {}}]"}}, {"model": "admin.logentry", "pk": 84, "fields": {"action_time": "2024-02-27T20:49:49.069Z", "user": 1, "content_type": 1, "object_id": "19", "object_repr": "Justin Haley", "action_flag": 2, "change_message": "[{\"changed\": {\"fields\": [\"Team id\"]}}]"}}, {"model": "admin.logentry", "pk": 85, "fields": {"action_time": "2024-02-27T20:50:09.891Z", "user": 1, "content_type": 13, "object_id": "10", "object_repr": "Stewart-Haas Racing", "action_flag": 1, "change_message": "[{\"added\": {}}]"}}, {"model": "admin.logentry", "pk": 86, "fields": {"action_time": "2024-02-27T20:50:36.335Z", "user": 1, "content_type": 1, "object_id": "42", "object_repr": "Josh Berry", "action_flag": 2, "change_message": "[{\"changed\": {\"fields\": [\"Team id\"]}}]"}}, {"model": "admin.logentry", "pk": 87, "fields": {"action_time": "2024-02-27T20:51:02.990Z", "user": 1, "content_type": 1, "object_id": "24", "object_repr": "Noah Gragson", "action_flag": 2, "change_message": "[{\"changed\": {\"fields\": [\"Team id\"]}}]"}}, {"model": "admin.logentry", "pk": 88, "fields": {"action_time": "2024-02-27T20:51:17.975Z", "user": 1, "content_type": 1, "object_id": "5", "object_repr": "Chase Briscoe", "action_flag": 2, "change_message": "[{\"changed\": {\"fields\": [\"Team id\"]}}]"}}, {"model": "admin.logentry", "pk": 89, "fields": {"action_time": "2024-02-27T20:51:33.378Z", "user": 1, "content_type": 1, "object_id": "23", "object_repr": "Ryan Preece", "action_flag": 2, "change_message": "[{\"changed\": {\"fields\": [\"Team id\"]}}]"}}, {"model": "admin.logentry", "pk": 90, "fields": {"action_time": "2024-02-27T20:52:02.722Z", "user": 1, "content_type": 13, "object_id": "11", "object_repr": "Team Penske", "action_flag": 1, "change_message": "[{\"added\": {}}]"}}, {"model": "admin.logentry", "pk": 91, "fields": {"action_time": "2024-02-27T20:52:46.812Z", "user": 1, "content_type": 1, "object_id": "12", "object_repr": "Austin Cindric", "action_flag": 2, "change_message": "[{\"changed\": {\"fields\": [\"Team id\"]}}]"}}, {"model": "admin.logentry", "pk": 92, "fields": {"action_time": "2024-02-27T20:53:07.839Z", "user": 1, "content_type": 1, "object_id": "4", "object_repr": "Ryan Blaney", "action_flag": 2, "change_message": "[{\"changed\": {\"fields\": [\"Team id\"]}}]"}}, {"model": "admin.logentry", "pk": 93, "fields": {"action_time": "2024-02-27T20:53:27.321Z", "user": 1, "content_type": 1, "object_id": "15", "object_repr": "Joey Logano", "action_flag": 2, "change_message": "[{\"changed\": {\"fields\": [\"Team id\"]}}]"}}, {"model": "admin.logentry", "pk": 94, "fields": {"action_time": "2024-02-27T20:54:16.664Z", "user": 1, "content_type": 13, "object_id": "12", "object_repr": "Wood Brothers Racing", "action_flag": 1, "change_message": "[{\"added\": {}}]"}}, {"model": "admin.logentry", "pk": 95, "fields": {"action_time": "2024-02-27T20:54:35.693Z", "user": 1, "content_type": 1, "object_id": "14", "object_repr": "Harrison Burton", "action_flag": 2, "change_message": "[{\"changed\": {\"fields\": [\"Team id\"]}}]"}}, {"model": "admin.logentry", "pk": 96, "fields": {"action_time": "2024-02-27T20:54:53.476Z", "user": 1, "content_type": 13, "object_id": "13", "object_repr": "23XI Racing", "action_flag": 1, "change_message": "[{\"added\": {}}]"}}, {"model": "admin.logentry", "pk": 97, "fields": {"action_time": "2024-02-27T20:55:11.370Z", "user": 1, "content_type": 1, "object_id": "16", "object_repr": "Bubba Wallace", "action_flag": 2, "change_message": "[{\"changed\": {\"fields\": [\"Team id\"]}}]"}}, {"model": "admin.logentry", "pk": 98, "fields": {"action_time": "2024-02-27T20:55:24.141Z", "user": 1, "content_type": 1, "object_id": "26", "object_repr": "Tyler Reddick", "action_flag": 2, "change_message": "[{\"changed\": {\"fields\": [\"Team id\"]}}]"}}, {"model": "admin.logentry", "pk": 99, "fields": {"action_time": "2024-02-27T20:55:44.986Z", "user": 1, "content_type": 13, "object_id": "14", "object_repr": "Joe Gibbs Racing", "action_flag": 1, "change_message": "[{\"added\": {}}]"}}, {"model": "admin.logentry", "pk": 100, "fields": {"action_time": "2024-02-27T20:56:01.308Z", "user": 1, "content_type": 13, "object_id": "15", "object_repr": "Legacy Motor Club", "action_flag": 1, "change_message": "[{\"added\": {}}]"}}, {"model": "admin.logentry", "pk": 101, "fields": {"action_time": "2024-02-27T20:56:51.275Z", "user": 1, "content_type": 1, "object_id": "13", "object_repr": "Christopher Bell", "action_flag": 2, "change_message": "[{\"changed\": {\"fields\": [\"Team id\"]}}]"}}, {"model": "admin.logentry", "pk": 102, "fields": {"action_time": "2024-02-27T20:57:05.205Z", "user": 1, "content_type": 1, "object_id": "11", "object_repr": "Martin Truex Jr.", "action_flag": 2, "change_message": "[{\"changed\": {\"fields\": [\"Team id\"]}}]"}}, {"model": "admin.logentry", "pk": 103, "fields": {"action_time": "2024-02-27T20:57:16.389Z", "user": 1, "content_type": 1, "object_id": "3", "object_repr": "Denny Hamlin", "action_flag": 2, "change_message": "[{\"changed\": {\"fields\": [\"Team id\"]}}]"}}, {"model": "admin.logentry", "pk": 104, "fields": {"action_time": "2024-02-27T20:57:33.371Z", "user": 1, "content_type": 1, "object_id": "32", "object_repr": "Ty Gibbs", "action_flag": 2, "change_message": "[{\"changed\": {\"fields\": [\"Team id\"]}}]"}}, {"model": "admin.logentry", "pk": 105, "fields": {"action_time": "2024-02-27T20:58:19.269Z", "user": 1, "content_type": 1, "object_id": "25", "object_repr": "Erik Jones", "action_flag": 2, "change_message": "[{\"changed\": {\"fields\": [\"Team id\"]}}]"}}, {"model": "admin.logentry", "pk": 106, "fields": {"action_time": "2024-02-27T20:59:07.093Z", "user": 1, "content_type": 1, "object_id": "48", "object_repr": "John Hunter Nemechek", "action_flag": 1, "change_message": "[{\"added\": {}}]"}}, {"model": "admin.logentry", "pk": 107, "fields": {"action_time": "2024-02-27T20:59:33.830Z", "user": 1, "content_type": 1, "object_id": "41", "object_repr": "Jimmie Johnson", "action_flag": 2, "change_message": "[{\"changed\": {\"fields\": [\"Team id\"]}}]"}}, {"model": "admin.logentry", "pk": 108, "fields": {"action_time": "2024-02-27T21:00:28.340Z", "user": 1, "content_type": 13, "object_id": "16", "object_repr": "In-Active", "action_flag": 1, "change_message": "[{\"added\": {}}]"}}, {"model": "admin.logentry", "pk": 109, "fields": {"action_time": "2024-02-27T21:00:51.569Z", "user": 1, "content_type": 1, "object_id": "37", "object_repr": "Ty Dillon", "action_flag": 2, "change_message": "[{\"changed\": {\"fields\": [\"Team id\"]}}]"}}, {"model": "admin.logentry", "pk": 110, "fields": {"action_time": "2024-02-27T21:01:26.292Z", "user": 1, "content_type": 13, "object_id": "17", "object_repr": "Live Fast Motorsports", "action_flag": 1, "change_message": "[{\"added\": {}}]"}}, {"model": "admin.logentry", "pk": 111, "fields": {"action_time": "2024-02-27T21:01:37.142Z", "user": 1, "content_type": 1, "object_id": "38", "object_repr": "B.J. McLeod", "action_flag": 2, "change_message": "[{\"changed\": {\"fields\": [\"Team id\"]}}]"}}, {"model": "admin.logentry", "pk": 112, "fields": {"action_time": "2024-02-27T21:02:58.240Z", "user": 1, "content_type": 1, "object_id": "30", "object_repr": "Conor Daly", "action_flag": 2, "change_message": "[{\"changed\": {\"fields\": [\"Team id\"]}}]"}}, {"model": "admin.logentry", "pk": 113, "fields": {"action_time": "2024-02-27T21:03:14.047Z", "user": 1, "content_type": 1, "object_id": "44", "object_repr": "N/A", "action_flag": 2, "change_message": "[{\"changed\": {\"fields\": [\"Team id\"]}}]"}}, {"model": "admin.logentry", "pk": 114, "fields": {"action_time": "2024-02-27T21:03:37.673Z", "user": 1, "content_type": 1, "object_id": "8", "object_repr": "Riley Herbst", "action_flag": 2, "change_message": "[{\"changed\": {\"fields\": [\"Team id\"]}}]"}}, {"model": "admin.logentry", "pk": 115, "fields": {"action_time": "2024-02-27T21:03:52.915Z", "user": 1, "content_type": 1, "object_id": "35", "object_repr": "Travis Pastrana", "action_flag": 2, "change_message": "[{\"changed\": {\"fields\": [\"Team id\"]}}]"}}, {"model": "admin.logentry", "pk": 116, "fields": {"action_time": "2024-02-27T21:04:10.878Z", "user": 1, "content_type": 1, "object_id": "6", "object_repr": "J.J. Yeley", "action_flag": 2, "change_message": "[{\"changed\": {\"fields\": [\"Team id\"]}}]"}}, {"model": "admin.logentry", "pk": 117, "fields": {"action_time": "2024-02-27T21:04:28.098Z", "user": 1, "content_type": 1, "object_id": "34", "object_repr": "Austin Hill", "action_flag": 2, "change_message": "[{\"changed\": {\"fields\": [\"Team id\"]}}]"}}, {"model": "admin.logentry", "pk": 118, "fields": {"action_time": "2024-02-27T21:04:46.518Z", "user": 1, "content_type": 1, "object_id": "2", "object_repr": "Aric Almirola", "action_flag": 2, "change_message": "[{\"changed\": {\"fields\": [\"Team id\"]}}]"}}, {"model": "admin.logentry", "pk": 119, "fields": {"action_time": "2024-02-27T21:04:54.554Z", "user": 1, "content_type": 1, "object_id": "22", "object_repr": "Kevin Harvick", "action_flag": 2, "change_message": "[{\"changed\": {\"fields\": [\"Team id\"]}}]"}}, {"model": "admin.logentry", "pk": 120, "fields": {"action_time": "2024-02-27T23:36:26.761Z", "user": 1, "content_type": 14, "object_id": "1", "object_repr": "Manufacturer object (1)", "action_flag": 1, "change_message": "[{\"added\": {}}]"}}, {"model": "admin.logentry", "pk": 121, "fields": {"action_time": "2024-02-27T23:37:40.863Z", "user": 1, "content_type": 13, "object_id": "1", "object_repr": "Hendrick Motorsports", "action_flag": 2, "change_message": "[]"}}, {"model": "admin.logentry", "pk": 122, "fields": {"action_time": "2024-02-27T23:40:51.375Z", "user": 1, "content_type": 13, "object_id": "1", "object_repr": "Hendrick Motorsports", "action_flag": 2, "change_message": "[]"}}, {"model": "admin.logentry", "pk": 123, "fields": {"action_time": "2024-02-28T00:07:08.673Z", "user": 1, "content_type": 13, "object_id": "6", "object_repr": "Trackhouse Racing", "action_flag": 2, "change_message": "[]"}}, {"model": "admin.logentry", "pk": 124, "fields": {"action_time": "2024-02-28T00:07:26.680Z", "user": 1, "content_type": 14, "object_id": "2", "object_repr": "Ford", "action_flag": 1, "change_message": "[{\"added\": {}}]"}}, {"model": "admin.logentry", "pk": 125, "fields": {"action_time": "2024-02-28T00:07:44.329Z", "user": 1, "content_type": 13, "object_id": "11", "object_repr": "Team Penske", "action_flag": 2, "change_message": "[{\"changed\": {\"fields\": [\"Manufacturer\"]}}]"}}, {"model": "admin.logentry", "pk": 126, "fields": {"action_time": "2024-02-28T00:07:56.772Z", "user": 1, "content_type": 13, "object_id": "10", "object_repr": "Stewart-Haas Racing", "action_flag": 2, "change_message": "[{\"changed\": {\"fields\": [\"Manufacturer\"]}}]"}}, {"model": "admin.logentry", "pk": 127, "fields": {"action_time": "2024-02-28T00:08:12.291Z", "user": 1, "content_type": 13, "object_id": "8", "object_repr": "RFK Racing", "action_flag": 2, "change_message": "[{\"changed\": {\"fields\": [\"Manufacturer\"]}}]"}}, {"model": "admin.logentry", "pk": 128, "fields": {"action_time": "2024-02-28T00:08:25.835Z", "user": 1, "content_type": 13, "object_id": "5", "object_repr": "Spire Motorsports", "action_flag": 2, "change_message": "[]"}}, {"model": "admin.logentry", "pk": 129, "fields": {"action_time": "2024-02-28T00:08:35.512Z", "user": 1, "content_type": 13, "object_id": "10", "object_repr": "Stewart-Haas Racing", "action_flag": 2, "change_message": "[]"}}, {"model": "admin.logentry", "pk": 130, "fields": {"action_time": "2024-02-28T00:08:58.278Z", "user": 1, "content_type": 14, "object_id": "3", "object_repr": "Toyota", "action_flag": 1, "change_message": "[{\"added\": {}}]"}}, {"model": "admin.logentry", "pk": 131, "fields": {"action_time": "2024-02-28T00:09:12.096Z", "user": 1, "content_type": 13, "object_id": "14", "object_repr": "Joe Gibbs Racing", "action_flag": 2, "change_message": "[{\"changed\": {\"fields\": [\"Manufacturer\"]}}]"}}, {"model": "admin.logentry", "pk": 132, "fields": {"action_time": "2024-02-28T00:09:21.347Z", "user": 1, "content_type": 13, "object_id": "11", "object_repr": "Team Penske", "action_flag": 2, "change_message": "[]"}}, {"model": "admin.logentry", "pk": 133, "fields": {"action_time": "2024-02-28T00:09:35.439Z", "user": 1, "content_type": 13, "object_id": "9", "object_repr": "Rick Ware Racing", "action_flag": 2, "change_message": "[{\"changed\": {\"fields\": [\"Manufacturer\"]}}]"}}, {"model": "admin.logentry", "pk": 134, "fields": {"action_time": "2024-02-28T00:10:02.601Z", "user": 1, "content_type": 13, "object_id": "12", "object_repr": "Wood Brothers Racing", "action_flag": 2, "change_message": "[{\"changed\": {\"fields\": [\"Manufacturer\"]}}]"}}, {"model": "admin.logentry", "pk": 135, "fields": {"action_time": "2024-02-28T00:10:18.043Z", "user": 1, "content_type": 13, "object_id": "13", "object_repr": "23XI Racing", "action_flag": 2, "change_message": "[{\"changed\": {\"fields\": [\"Manufacturer\"]}}]"}}, {"model": "admin.logentry", "pk": 136, "fields": {"action_time": "2024-02-28T00:10:32.804Z", "user": 1, "content_type": 13, "object_id": "7", "object_repr": "Front Row Motorsports", "action_flag": 2, "change_message": "[{\"changed\": {\"fields\": [\"Manufacturer\"]}}]"}}, {"model": "admin.logentry", "pk": 137, "fields": {"action_time": "2024-02-28T00:10:52.018Z", "user": 1, "content_type": 13, "object_id": "15", "object_repr": "Legacy Motor Club", "action_flag": 2, "change_message": "[{\"changed\": {\"fields\": [\"Manufacturer\"]}}]"}}, {"model": "admin.logentry", "pk": 138, "fields": {"action_time": "2024-02-28T00:11:15.803Z", "user": 1, "content_type": 13, "object_id": "9", "object_repr": "Rick Ware Racing", "action_flag": 2, "change_message": "[]"}}, {"model": "admin.logentry", "pk": 139, "fields": {"action_time": "2024-02-28T00:30:38.431Z", "user": 1, "content_type": 4, "object_id": "4", "object_repr": "Bob2", "action_flag": 3, "change_message": ""}}, {"model": "admin.logentry", "pk": 140, "fields": {"action_time": "2024-02-28T00:30:48.444Z", "user": 1, "content_type": 4, "object_id": "3", "object_repr": "Greg2", "action_flag": 3, "change_message": ""}}, {"model": "admin.logentry", "pk": 141, "fields": {"action_time": "2024-02-29T19:51:57.040Z", "user": 1, "content_type": 2, "object_id": "49", "object_repr": "Pala Casino 400", "action_flag": 2, "change_message": "[{\"changed\": {\"fields\": [\"Race date\"]}}]"}}, {"model": "admin.logentry", "pk": 142, "fields": {"action_time": "2024-02-29T23:49:07.956Z", "user": 1, "content_type": 2, "object_id": "54", "object_repr": "NASCAR Cup Series at Las Vegas", "action_flag": 1, "change_message": "[{\"added\": {}}]"}}, {"model": "admin.logentry", "pk": 143, "fields": {"action_time": "2024-02-29T23:50:22.425Z", "user": 1, "content_type": 2, "object_id": "55", "object_repr": "NASCAR Cup Series at Las Vegas", "action_flag": 1, "change_message": "[{\"added\": {}}]"}}, {"model": "admin.logentry", "pk": 144, "fields": {"action_time": "2024-03-05T21:14:49.098Z", "user": 1, "content_type": 5, "object_id": "6", "object_repr": "Bet object (6)", "action_flag": 2, "change_message": "[{\"changed\": {\"fields\": [\"Driver\", \"Finish\"]}}]"}}, {"model": "admin.logentry", "pk": 145, "fields": {"action_time": "2024-03-05T21:15:03.275Z", "user": 1, "content_type": 5, "object_id": "5", "object_repr": "Bet object (5)", "action_flag": 2, "change_message": "[{\"changed\": {\"fields\": [\"Driver\", \"Finish\"]}}]"}}, {"model": "auth.permission", "pk": 1, "fields": {"name": "Can add driver", "content_type": 1, "codename": "add_driver"}}, {"model": "auth.permission", "pk": 2, "fields": {"name": "Can change driver", "content_type": 1, "codename": "change_driver"}}, {"model": "auth.permission", "pk": 3, "fields": {"name": "Can delete driver", "content_type": 1, "codename": "delete_driver"}}, {"model": "auth.permission", "pk": 4, "fields": {"name": "Can view driver", "content_type": 1, "codename": "view_driver"}}, {"model": "auth.permission", "pk": 5, "fields": {"name": "Can add race", "content_type": 2, "codename": "add_race"}}, {"model": "auth.permission", "pk": 6, "fields": {"name": "Can change race", "content_type": 2, "codename": "change_race"}}, {"model": "auth.permission", "pk": 7, "fields": {"name": "Can delete race", "content_type": 2, "codename": "delete_race"}}, {"model": "auth.permission", "pk": 8, "fields": {"name": "Can view race", "content_type": 2, "codename": "view_race"}}, {"model": "auth.permission", "pk": 9, "fields": {"name": "Can add track", "content_type": 3, "codename": "add_track"}}, {"model": "auth.permission", "pk": 10, "fields": {"name": "Can change track", "content_type": 3, "codename": "change_track"}}, {"model": "auth.permission", "pk": 11, "fields": {"name": "Can delete track", "content_type": 3, "codename": "delete_track"}}, {"model": "auth.permission", "pk": 12, "fields": {"name": "Can view track", "content_type": 3, "codename": "view_track"}}, {"model": "auth.permission", "pk": 13, "fields": {"name": "Can add player", "content_type": 4, "codename": "add_player"}}, {"model": "auth.permission", "pk": 14, "fields": {"name": "Can change player", "content_type": 4, "codename": "change_player"}}, {"model": "auth.permission", "pk": 15, "fields": {"name": "Can delete player", "content_type": 4, "codename": "delete_player"}}, {"model": "auth.permission", "pk": 16, "fields": {"name": "Can view player", "content_type": 4, "codename": "view_player"}}, {"model": "auth.permission", "pk": 17, "fields": {"name": "Can add bet", "content_type": 5, "codename": "add_bet"}}, {"model": "auth.permission", "pk": 18, "fields": {"name": "Can change bet", "content_type": 5, "codename": "change_bet"}}, {"model": "auth.permission", "pk": 19, "fields": {"name": "Can delete bet", "content_type": 5, "codename": "delete_bet"}}, {"model": "auth.permission", "pk": 20, "fields": {"name": "Can view bet", "content_type": 5, "codename": "view_bet"}}, {"model": "auth.permission", "pk": 21, "fields": {"name": "Can add results", "content_type": 6, "codename": "add_results"}}, {"model": "auth.permission", "pk": 22, "fields": {"name": "Can change results", "content_type": 6, "codename": "change_results"}}, {"model": "auth.permission", "pk": 23, "fields": {"name": "Can delete results", "content_type": 6, "codename": "delete_results"}}, {"model": "auth.permission", "pk": 24, "fields": {"name": "Can view results", "content_type": 6, "codename": "view_results"}}, {"model": "auth.permission", "pk": 25, "fields": {"name": "Can add log entry", "content_type": 7, "codename": "add_logentry"}}, {"model": "auth.permission", "pk": 26, "fields": {"name": "Can change log entry", "content_type": 7, "codename": "change_logentry"}}, {"model": "auth.permission", "pk": 27, "fields": {"name": "Can delete log entry", "content_type": 7, "codename": "delete_logentry"}}, {"model": "auth.permission", "pk": 28, "fields": {"name": "Can view log entry", "content_type": 7, "codename": "view_logentry"}}, {"model": "auth.permission", "pk": 29, "fields": {"name": "Can add permission", "content_type": 8, "codename": "add_permission"}}, {"model": "auth.permission", "pk": 30, "fields": {"name": "Can change permission", "content_type": 8, "codename": "change_permission"}}, {"model": "auth.permission", "pk": 31, "fields": {"name": "Can delete permission", "content_type": 8, "codename": "delete_permission"}}, {"model": "auth.permission", "pk": 32, "fields": {"name": "Can view permission", "content_type": 8, "codename": "view_permission"}}, {"model": "auth.permission", "pk": 33, "fields": {"name": "Can add group", "content_type": 9, "codename": "add_group"}}, {"model": "auth.permission", "pk": 34, "fields": {"name": "Can change group", "content_type": 9, "codename": "change_group"}}, {"model": "auth.permission", "pk": 35, "fields": {"name": "Can delete group", "content_type": 9, "codename": "delete_group"}}, {"model": "auth.permission", "pk": 36, "fields": {"name": "Can view group", "content_type": 9, "codename": "view_group"}}, {"model": "auth.permission", "pk": 37, "fields": {"name": "Can add user", "content_type": 10, "codename": "add_user"}}, {"model": "auth.permission", "pk": 38, "fields": {"name": "Can change user", "content_type": 10, "codename": "change_user"}}, {"model": "auth.permission", "pk": 39, "fields": {"name": "Can delete user", "content_type": 10, "codename": "delete_user"}}, {"model": "auth.permission", "pk": 40, "fields": {"name": "Can view user", "content_type": 10, "codename": "view_user"}}, {"model": "auth.permission", "pk": 41, "fields": {"name": "Can add content type", "content_type": 11, "codename": "add_contenttype"}}, {"model": "auth.permission", "pk": 42, "fields": {"name": "Can change content type", "content_type": 11, "codename": "change_contenttype"}}, {"model": "auth.permission", "pk": 43, "fields": {"name": "Can delete content type", "content_type": 11, "codename": "delete_contenttype"}}, {"model": "auth.permission", "pk": 44, "fields": {"name": "Can view content type", "content_type": 11, "codename": "view_contenttype"}}, {"model": "auth.permission", "pk": 45, "fields": {"name": "Can add session", "content_type": 12, "codename": "add_session"}}, {"model": "auth.permission", "pk": 46, "fields": {"name": "Can change session", "content_type": 12, "codename": "change_session"}}, {"model": "auth.permission", "pk": 47, "fields": {"name": "Can delete session", "content_type": 12, "codename": "delete_session"}}, {"model": "auth.permission", "pk": 48, "fields": {"name": "Can view session", "content_type": 12, "codename": "view_session"}}, {"model": "auth.permission", "pk": 49, "fields": {"name": "Can add team", "content_type": 13, "codename": "add_team"}}, {"model": "auth.permission", "pk": 50, "fields": {"name": "Can change team", "content_type": 13, "codename": "change_team"}}, {"model": "auth.permission", "pk": 51, "fields": {"name": "Can delete team", "content_type": 13, "codename": "delete_team"}}, {"model": "auth.permission", "pk": 52, "fields": {"name": "Can view team", "content_type": 13, "codename": "view_team"}}, {"model": "auth.permission", "pk": 53, "fields": {"name": "Can add manufacturer", "content_type": 14, "codename": "add_manufacturer"}}, {"model": "auth.permission", "pk": 54, "fields": {"name": "Can change manufacturer", "content_type": 14, "codename": "change_manufacturer"}}, {"model": "auth.permission", "pk": 55, "fields": {"name": "Can delete manufacturer", "content_type": 14, "codename": "delete_manufacturer"}}, {"model": "auth.permission", "pk": 56, "fields": {"name": "Can view manufacturer", "content_type": 14, "codename": "view_manufacturer"}}, {"model": "auth.user", "pk": 1, "fields": {"password": "pbkdf2_sha256$600000$Q3jg3GSs3bGgBql4fKPdj7$L7SqyNGuJxsnSWGB9vFF20KsDbQriklqfWZCiewNw4g=", "last_login": "2024-02-29T23:42:27.508Z", "is_superuser": true, "username": "admin", "first_name": "", "last_name": "", "email": "", "is_staff": true, "is_active": true, "date_joined": "2024-02-22T22:23:09.478Z", "groups": [], "user_permissions": []}}, {"model": "contenttypes.contenttype", "pk": 1, "fields": {"app_label": "nascar", "model": "driver"}}, {"model": "contenttypes.contenttype", "pk": 2, "fields": {"app_label": "nascar", "model": "race"}}, {"model": "contenttypes.contenttype", "pk": 3, "fields": {"app_label": "nascar", "model": "track"}}, {"model": "contenttypes.contenttype", "pk": 4, "fields": {"app_label": "nascar", "model": "player"}}, {"model": "contenttypes.contenttype", "pk": 5, "fields": {"app_label": "nascar", "model": "bet"}}, {"model": "contenttypes.contenttype", "pk": 6, "fields": {"app_label": "nascar", "model": "results"}}, {"model": "contenttypes.contenttype", "pk": 7, "fields": {"app_label": "admin", "model": "logentry"}}, {"model": "contenttypes.contenttype", "pk": 8, "fields": {"app_label": "auth", "model": "permission"}}, {"model": "contenttypes.contenttype", "pk": 9, "fields": {"app_label": "auth", "model": "group"}}, {"model": "contenttypes.contenttype", "pk": 10, "fields": {"app_label": "auth", "model": "user"}}, {"model": "contenttypes.contenttype", "pk": 11, "fields": {"app_label": "contenttypes", "model": "contenttype"}}, {"model": "contenttypes.contenttype", "pk": 12, "fields": {"app_label": "sessions", "model": "session"}}, {"model": "contenttypes.contenttype", "pk": 13, "fields": {"app_label": "nascar", "model": "team"}}, {"model": "contenttypes.contenttype", "pk": 14, "fields": {"app_label": "nascar", "model": "manufacturer"}}, {"model": "sessions.session", "pk": "ay0we78u4wdy8t82skjffuhqy25ecu6a", "fields": {"session_data": ".eJxVjMsOwiAQRf-FtSE8LFCX7vsNZIYZpGogKe3K-O_apAvd3nPOfYkI21ri1nmJM4mL0OL0uyGkB9cd0B3qrcnU6rrMKHdFHrTLqRE_r4f7d1Cgl2-dkYJTjDaQHxLg6D0GduFsk_HGZ7IuW9SDteCzUhgc6dE4nUkx52TE-wPzvDg9:1rdXnk:UKoTETY5wx3j55JQ_m7G5vAPypanGrPYEqRTomaOjMI", "expire_date": "2024-03-08T15:49:28.210Z"}}, {"model": "sessions.session", "pk": "dl8e90ag9za5ft6j16ml0te82rl6rolr", "fields": {"session_data": ".eJxVjDEOwjAMAP-SGUUldanDyM4bIjt2SAGlUtNOiL9DpA6w3p3uZQJtaw5b1SVMYs7maA6_jCk-tDQhdyq32ca5rMvEtiV2t9VeZ9HnZW__BplqbtuknXjXjwSJY_KaUFhh-GJmZBcF2ME4kMNIIL7rPZ6IAZWdAEbz_gAbjDkn:1rfq2l:uko0Go8jkD2JpyRnWVDuFvhE36CBw2KUuts1csK_zwM", "expire_date": "2024-03-14T23:42:27.523Z"}}]